[0m17:59:59.561035 [debug] [MainThread]: Sending event: {'category': 'dbt', 'action': 'invocation', 'label': 'start', 'context': [<snowplow_tracker.self_describing_json.SelfDescribingJson object at 0x000001AA1534D550>, <snowplow_tracker.self_describing_json.SelfDescribingJson object at 0x000001AA17ABBED0>, <snowplow_tracker.self_describing_json.SelfDescribingJson object at 0x000001AA17ABB750>]}


============================== 17:59:59.566005 | 322a3c02-f61e-4c59-b428-25e222b1f2a5 ==============================
[0m17:59:59.566005 [info ] [MainThread]: Running with dbt=1.12.0
[0m17:59:59.566692 [debug] [MainThread]: running dbt with arguments {'version_check': 'True', 'no_print': 'None', 'static_parser': 'True', 'target_path': 'None', 'warn_error_options': 'WarnErrorOptionsV2(error=[], warn=[], silence=[])', 'maximum_seed_size_mib': '1', 'printer_width': '80', 'write_json': 'True', 'empty': 'None', 'log_cache_events': 'False', 'introspect': 'True', 'cache_selected_only': 'False', 'log_format': 'default', 'debug': 'False', 'fail_fast': 'False', 'profiles_dir': 'c:\\Users\\d.bz.kumar\\CO-Demo\\CO\\caldemo_dw', 'send_anonymous_usage_stats': 'True', 'quiet': 'False', 'warn_error': 'None', 'partial_parse': 'True', 'invocation_command': 'dbt debug', 'hints_enabled': 'True', 'indirect_selection': 'eager', 'use_experimental_parser': 'False', 'use_colors': 'True', 'log_path': 'c:\\Users\\d.bz.kumar\\CO-Demo\\CO\\caldemo_dw\\logs'}
[0m17:59:59.605399 [info ] [MainThread]: dbt version: 1.12.0
[0m17:59:59.605977 [info ] [MainThread]: python version: 3.13.12
[0m17:59:59.606507 [info ] [MainThread]: python path: C:\Users\d.bz.kumar\AppData\Local\Programs\Python\Python313\python.exe
[0m17:59:59.606989 [info ] [MainThread]: os info: Windows-11-10.0.26200-SP0
[0m18:00:00.408574 [debug] [MainThread]: Snowflake adapter: Setting snowflake.connector to ERROR (file logging only)
[0m18:00:00.408980 [debug] [MainThread]: Snowflake adapter: Setting botocore to ERROR (file logging only)
[0m18:00:00.409199 [debug] [MainThread]: Snowflake adapter: Setting boto3 to ERROR (file logging only)
[0m18:00:00.688497 [info ] [MainThread]: Using profiles dir at c:\Users\d.bz.kumar\CO-Demo\CO\caldemo_dw
[0m18:00:00.689097 [info ] [MainThread]: Using profiles.yml file at c:\Users\d.bz.kumar\CO-Demo\CO\caldemo_dw\profiles.yml
[0m18:00:00.689595 [info ] [MainThread]: Using dbt_project.yml file at c:\Users\d.bz.kumar\CO-Demo\CO\caldemo_dw\dbt_project.yml
[0m18:00:00.691294 [info ] [MainThread]: adapter type: snowflake
[0m18:00:00.691616 [info ] [MainThread]: adapter version: 1.12.0
[0m18:00:00.766326 [info ] [MainThread]: Configuration:
[0m18:00:00.766990 [info ] [MainThread]:   profiles.yml file [[32mOK found and valid[0m]
[0m18:00:00.767604 [info ] [MainThread]:   dbt_project.yml file [[32mOK found and valid[0m]
[0m18:00:00.769157 [info ] [MainThread]: Required dependencies:
[0m18:00:00.769984 [debug] [MainThread]: Executing "git --help"
[0m18:00:01.290115 [debug] [MainThread]: STDOUT: "b"usage: git [-v | --version] [-h | --help] [-C <path>] [-c <name>=<value>]\n           [--exec-path[=<path>]] [--html-path] [--man-path] [--info-path]\n           [-p | --paginate | -P | --no-pager] [--no-replace-objects] [--no-lazy-fetch]\n           [--no-optional-locks] [--no-advice] [--bare] [--git-dir=<path>]\n           [--work-tree=<path>] [--namespace=<name>] [--config-env=<name>=<envvar>]\n           <command> [<args>]\n\nThese are common Git commands used in various situations:\n\nstart a working area (see also: git help tutorial)\n   clone      Clone a repository into a new directory\n   init       Create an empty Git repository or reinitialize an existing one\n\nwork on the current change (see also: git help everyday)\n   add        Add file contents to the index\n   mv         Move or rename a file, a directory, or a symlink\n   restore    Restore working tree files\n   rm         Remove files from the working tree and from the index\n\nexamine the history and state (see also: git help revisions)\n   bisect     Use binary search to find the commit that introduced a bug\n   diff       Show changes between commits, commit and working tree, etc\n   grep       Print lines matching a pattern\n   log        Show commit logs\n   show       Show various types of objects\n   status     Show the working tree status\n\ngrow, mark and tweak your common history\n   backfill   Download missing objects in a partial clone\n   branch     List, create, or delete branches\n   commit     Record changes to the repository\n   merge      Join two or more development histories together\n   rebase     Reapply commits on top of another base tip\n   reset      Set `HEAD` or the index to a known state\n   switch     Switch branches\n   tag        Create, list, delete or verify tags\n\ncollaborate (see also: git help workflows)\n   fetch      Download objects and refs from another repository\n   pull       Fetch from and integrate with another repository or a local branch\n   push       Update remote refs along with associated objects\n\n'git help -a' and 'git help -g' list available subcommands and some\nconcept guides. See 'git help <command>' or 'git help <concept>'\nto read about a specific subcommand or concept.\nSee 'git help git' for an overview of the system.\n""
[0m18:00:01.290673 [debug] [MainThread]: STDERR: "b''"
[0m18:00:01.290981 [info ] [MainThread]:  - git [[32mOK found[0m]

[0m18:00:01.292914 [info ] [MainThread]: Connection:
[0m18:00:01.294184 [info ] [MainThread]:   account: <account>
[0m18:00:01.294935 [info ] [MainThread]:   user: <user>
[0m18:00:01.296997 [info ] [MainThread]:   database: <database>
[0m18:00:01.298724 [info ] [MainThread]:   warehouse: <warehouse>
[0m18:00:01.299796 [info ] [MainThread]:   role: <role>
[0m18:00:01.303958 [info ] [MainThread]:   schema: <schema>
[0m18:00:01.306914 [info ] [MainThread]:   authenticator: None
[0m18:00:01.310837 [info ] [MainThread]:   oauth_client_id: None
[0m18:00:01.313255 [info ] [MainThread]:   query_tag: None
[0m18:00:01.316004 [info ] [MainThread]:   client_session_keep_alive: False
[0m18:00:01.320930 [info ] [MainThread]:   host: None
[0m18:00:01.324835 [info ] [MainThread]:   port: None
[0m18:00:01.328422 [info ] [MainThread]:   proxy_host: None
[0m18:00:01.329678 [info ] [MainThread]:   proxy_port: None
[0m18:00:01.330818 [info ] [MainThread]:   protocol: None
[0m18:00:01.331725 [info ] [MainThread]:   connect_retries: 1
[0m18:00:01.333546 [info ] [MainThread]:   connect_timeout: None
[0m18:00:01.337677 [info ] [MainThread]:   retry_on_database_errors: False
[0m18:00:01.340313 [info ] [MainThread]:   retry_all: False
[0m18:00:01.341778 [info ] [MainThread]:   insecure_mode: False
[0m18:00:01.342774 [info ] [MainThread]:   reuse_connections: True
[0m18:00:01.344364 [info ] [MainThread]:   s3_stage_vpce_dns_name: None
[0m18:00:01.345633 [info ] [MainThread]:   workload_identity_provider: None
[0m18:00:01.347184 [info ] [MainThread]:   workload_identity_entra_resource: None
[0m18:00:01.347749 [info ] [MainThread]:   platform_detection_timeout_seconds: 0.0
[0m18:00:01.348621 [info ] [MainThread]: Registered adapter: snowflake=1.12.0
[0m18:00:01.783921 [debug] [MainThread]: Acquiring new snowflake connection 'debug'
[0m18:00:01.789460 [debug] [MainThread]: Using snowflake connection "debug"
[0m18:00:01.789796 [debug] [MainThread]: On debug: select 1 as id
[0m18:00:01.789990 [debug] [MainThread]: Opening a new connection, currently in state init
[0m18:00:01.855980 [debug] [MainThread]: Snowflake adapter: Error running SQL: select 1 as id
[0m18:00:01.856488 [debug] [MainThread]: Snowflake adapter: Rolling back transaction.
[0m18:00:01.856814 [info ] [MainThread]:   Connection test: [[31mERROR[0m]

[0m18:00:01.861861 [info ] [MainThread]: [31m1 check failed:[0m
[0m18:00:01.871088 [info ] [MainThread]: dbt was unable to connect to the specified database.
The database returned the following error:

  >Database Error
  251006: Password is empty

Check your database credentials and try again. For more information, visit:
https://docs.getdbt.com/docs/configure-your-profile


[0m18:00:01.876216 [debug] [MainThread]: Command `dbt debug` failed at 18:00:01.876058 after 2.56 seconds
[0m18:00:01.876806 [debug] [MainThread]: Connection 'debug' was left open.
[0m18:00:01.877146 [debug] [MainThread]: On debug: No close available on handle
[0m18:00:01.877494 [debug] [MainThread]: Sending event: {'category': 'dbt', 'action': 'invocation', 'label': 'end', 'context': [<snowplow_tracker.self_describing_json.SelfDescribingJson object at 0x000001AA193F0510>, <snowplow_tracker.self_describing_json.SelfDescribingJson object at 0x000001AA19257650>, <snowplow_tracker.self_describing_json.SelfDescribingJson object at 0x000001AA191486B0>]}
[0m18:00:01.878041 [debug] [MainThread]: Flushing usage events
[0m18:00:04.355757 [debug] [MainThread]: An error was encountered while trying to flush usage events
[0m18:06:33.201823 [debug] [MainThread]: Sending event: {'category': 'dbt', 'action': 'invocation', 'label': 'start', 'context': [<snowplow_tracker.self_describing_json.SelfDescribingJson object at 0x000002E0304CD550>, <snowplow_tracker.self_describing_json.SelfDescribingJson object at 0x000002E032C3BED0>, <snowplow_tracker.self_describing_json.SelfDescribingJson object at 0x000002E032C3B750>]}


============================== 18:06:33.206115 | 14711309-9986-468e-ac2a-9c33a1e26b89 ==============================
[0m18:06:33.206115 [info ] [MainThread]: Running with dbt=1.12.0
[0m18:06:33.206791 [debug] [MainThread]: running dbt with arguments {'static_parser': 'True', 'no_print': 'None', 'version_check': 'True', 'target_path': 'None', 'maximum_seed_size_mib': '1', 'warn_error_options': 'WarnErrorOptionsV2(error=[], warn=[], silence=[])', 'printer_width': '80', 'write_json': 'True', 'empty': 'None', 'log_cache_events': 'False', 'introspect': 'True', 'cache_selected_only': 'False', 'fail_fast': 'False', 'debug': 'False', 'log_format': 'default', 'partial_parse': 'True', 'send_anonymous_usage_stats': 'True', 'quiet': 'False', 'warn_error': 'None', 'profiles_dir': 'c:\\Users\\d.bz.kumar\\CO-Demo\\CO\\caldemo_dw', 'indirect_selection': 'eager', 'hints_enabled': 'True', 'use_colors': 'True', 'use_experimental_parser': 'False', 'invocation_command': 'dbt debug', 'log_path': 'c:\\Users\\d.bz.kumar\\CO-Demo\\CO\\caldemo_dw\\logs'}
[0m18:06:33.237482 [info ] [MainThread]: dbt version: 1.12.0
[0m18:06:33.238051 [info ] [MainThread]: python version: 3.13.12
[0m18:06:33.238519 [info ] [MainThread]: python path: C:\Users\d.bz.kumar\AppData\Local\Programs\Python\Python313\python.exe
[0m18:06:33.238897 [info ] [MainThread]: os info: Windows-11-10.0.26200-SP0
[0m18:06:34.026861 [debug] [MainThread]: Snowflake adapter: Setting snowflake.connector to ERROR (file logging only)
[0m18:06:34.027401 [debug] [MainThread]: Snowflake adapter: Setting botocore to ERROR (file logging only)
[0m18:06:34.027734 [debug] [MainThread]: Snowflake adapter: Setting boto3 to ERROR (file logging only)
[0m18:06:42.478773 [debug] [MainThread]: Snowflake adapter: Replaced underscores (_) with hyphens (-) in Snowflake account name to form a valid account URL.
[0m18:06:42.482582 [info ] [MainThread]: Using profiles dir at c:\Users\d.bz.kumar\CO-Demo\CO\caldemo_dw
[0m18:06:42.483235 [info ] [MainThread]: Using profiles.yml file at c:\Users\d.bz.kumar\CO-Demo\CO\caldemo_dw\profiles.yml
[0m18:06:42.483605 [info ] [MainThread]: Using dbt_project.yml file at c:\Users\d.bz.kumar\CO-Demo\CO\caldemo_dw\dbt_project.yml
[0m18:06:42.485233 [info ] [MainThread]: adapter type: snowflake
[0m18:06:42.485844 [info ] [MainThread]: adapter version: 1.12.0
[0m18:06:42.572203 [info ] [MainThread]: Configuration:
[0m18:06:42.572846 [info ] [MainThread]:   profiles.yml file [[32mOK found and valid[0m]
[0m18:06:42.573377 [info ] [MainThread]:   dbt_project.yml file [[32mOK found and valid[0m]
[0m18:06:42.573838 [info ] [MainThread]: Required dependencies:
[0m18:06:42.574281 [debug] [MainThread]: Executing "git --help"
[0m18:06:42.803523 [debug] [MainThread]: STDOUT: "b"usage: git [-v | --version] [-h | --help] [-C <path>] [-c <name>=<value>]\n           [--exec-path[=<path>]] [--html-path] [--man-path] [--info-path]\n           [-p | --paginate | -P | --no-pager] [--no-replace-objects] [--no-lazy-fetch]\n           [--no-optional-locks] [--no-advice] [--bare] [--git-dir=<path>]\n           [--work-tree=<path>] [--namespace=<name>] [--config-env=<name>=<envvar>]\n           <command> [<args>]\n\nThese are common Git commands used in various situations:\n\nstart a working area (see also: git help tutorial)\n   clone      Clone a repository into a new directory\n   init       Create an empty Git repository or reinitialize an existing one\n\nwork on the current change (see also: git help everyday)\n   add        Add file contents to the index\n   mv         Move or rename a file, a directory, or a symlink\n   restore    Restore working tree files\n   rm         Remove files from the working tree and from the index\n\nexamine the history and state (see also: git help revisions)\n   bisect     Use binary search to find the commit that introduced a bug\n   diff       Show changes between commits, commit and working tree, etc\n   grep       Print lines matching a pattern\n   log        Show commit logs\n   show       Show various types of objects\n   status     Show the working tree status\n\ngrow, mark and tweak your common history\n   backfill   Download missing objects in a partial clone\n   branch     List, create, or delete branches\n   commit     Record changes to the repository\n   merge      Join two or more development histories together\n   rebase     Reapply commits on top of another base tip\n   reset      Set `HEAD` or the index to a known state\n   switch     Switch branches\n   tag        Create, list, delete or verify tags\n\ncollaborate (see also: git help workflows)\n   fetch      Download objects and refs from another repository\n   pull       Fetch from and integrate with another repository or a local branch\n   push       Update remote refs along with associated objects\n\n'git help -a' and 'git help -g' list available subcommands and some\nconcept guides. See 'git help <command>' or 'git help <concept>'\nto read about a specific subcommand or concept.\nSee 'git help git' for an overview of the system.\n""
[0m18:06:42.803999 [debug] [MainThread]: STDERR: "b''"
[0m18:06:42.804302 [info ] [MainThread]:  - git [[32mOK found[0m]

[0m18:06:42.804637 [info ] [MainThread]: Connection:
[0m18:06:42.805071 [info ] [MainThread]:   account: sfsenorthamerica-tim-jones-demo
[0m18:06:42.805441 [info ] [MainThread]:   user: ADMIN
[0m18:06:42.805763 [info ] [MainThread]:   database: FACETS_DEV
[0m18:06:42.806059 [info ] [MainThread]:   warehouse: WH_XS
[0m18:06:42.806340 [info ] [MainThread]:   role: ACCOUNTADMIN
[0m18:06:42.806616 [info ] [MainThread]:   schema: SILVER
[0m18:06:42.806926 [info ] [MainThread]:   authenticator: None
[0m18:06:42.807299 [info ] [MainThread]:   oauth_client_id: None
[0m18:06:42.807812 [info ] [MainThread]:   query_tag: None
[0m18:06:42.809466 [info ] [MainThread]:   client_session_keep_alive: False
[0m18:06:42.810065 [info ] [MainThread]:   host: None
[0m18:06:42.810584 [info ] [MainThread]:   port: None
[0m18:06:42.811363 [info ] [MainThread]:   proxy_host: None
[0m18:06:42.811702 [info ] [MainThread]:   proxy_port: None
[0m18:06:42.812001 [info ] [MainThread]:   protocol: None
[0m18:06:42.812271 [info ] [MainThread]:   connect_retries: 1
[0m18:06:42.812538 [info ] [MainThread]:   connect_timeout: None
[0m18:06:42.812797 [info ] [MainThread]:   retry_on_database_errors: False
[0m18:06:42.813063 [info ] [MainThread]:   retry_all: False
[0m18:06:42.813356 [info ] [MainThread]:   insecure_mode: False
[0m18:06:42.813745 [info ] [MainThread]:   reuse_connections: True
[0m18:06:42.814189 [info ] [MainThread]:   s3_stage_vpce_dns_name: None
[0m18:06:42.814559 [info ] [MainThread]:   workload_identity_provider: None
[0m18:06:42.815203 [info ] [MainThread]:   workload_identity_entra_resource: None
[0m18:06:42.815576 [info ] [MainThread]:   platform_detection_timeout_seconds: 0.0
[0m18:06:42.816457 [info ] [MainThread]: Registered adapter: snowflake=1.12.0
[0m18:06:43.455425 [debug] [MainThread]: Acquiring new snowflake connection 'debug'
[0m18:06:43.459611 [debug] [MainThread]: Using snowflake connection "debug"
[0m18:06:43.460130 [debug] [MainThread]: On debug: select 1 as id
[0m18:06:43.460638 [debug] [MainThread]: Opening a new connection, currently in state init
[0m18:06:43.684512 [debug] [MainThread]: Snowflake adapter: Error running SQL: select 1 as id
[0m18:06:43.684855 [debug] [MainThread]: Snowflake adapter: Rolling back transaction.
[0m18:06:43.685104 [info ] [MainThread]:   Connection test: [[31mERROR[0m]

[0m18:06:43.685687 [info ] [MainThread]: [31m1 check failed:[0m
[0m18:06:43.686118 [info ] [MainThread]: dbt was unable to connect to the specified database.
The database returned the following error:

  >Database Error
  251006: Password is empty

Check your database credentials and try again. For more information, visit:
https://docs.getdbt.com/docs/configure-your-profile


[0m18:06:43.687154 [debug] [MainThread]: Command `dbt debug` failed at 18:06:43.687053 after 10.70 seconds
[0m18:06:43.687441 [debug] [MainThread]: Connection 'debug' was left open.
[0m18:06:43.687658 [debug] [MainThread]: On debug: No close available on handle
[0m18:06:43.687938 [debug] [MainThread]: Sending event: {'category': 'dbt', 'action': 'invocation', 'label': 'end', 'context': [<snowplow_tracker.self_describing_json.SelfDescribingJson object at 0x000002E034530510>, <snowplow_tracker.self_describing_json.SelfDescribingJson object at 0x000002E034393650>, <snowplow_tracker.self_describing_json.SelfDescribingJson object at 0x000002E0342786B0>]}
[0m18:06:43.688232 [debug] [MainThread]: Flushing usage events
[0m18:06:44.737135 [debug] [MainThread]: An error was encountered while trying to flush usage events
[0m18:07:48.187814 [debug] [MainThread]: Sending event: {'category': 'dbt', 'action': 'invocation', 'label': 'start', 'context': [<snowplow_tracker.self_describing_json.SelfDescribingJson object at 0x00000225E0B1D550>, <snowplow_tracker.self_describing_json.SelfDescribingJson object at 0x00000225E3297ED0>, <snowplow_tracker.self_describing_json.SelfDescribingJson object at 0x00000225E3297750>]}


============================== 18:07:48.194830 | 1388bc6c-dd21-4076-aec6-cf530e5cd0ec ==============================
[0m18:07:48.194830 [info ] [MainThread]: Running with dbt=1.12.0
[0m18:07:48.195498 [debug] [MainThread]: running dbt with arguments {'version_check': 'True', 'no_print': 'None', 'maximum_seed_size_mib': '1', 'warn_error_options': 'WarnErrorOptionsV2(error=[], warn=[], silence=[])', 'static_parser': 'True', 'target_path': 'None', 'printer_width': '80', 'write_json': 'True', 'introspect': 'True', 'log_cache_events': 'False', 'empty': 'None', 'cache_selected_only': 'False', 'fail_fast': 'False', 'debug': 'False', 'log_format': 'default', 'partial_parse': 'True', 'send_anonymous_usage_stats': 'True', 'quiet': 'False', 'warn_error': 'None', 'profiles_dir': 'c:\\Users\\d.bz.kumar\\CO-Demo\\CO\\caldemo_dw', 'invocation_command': 'dbt debug', 'hints_enabled': 'True', 'indirect_selection': 'eager', 'use_experimental_parser': 'False', 'use_colors': 'True', 'log_path': 'c:\\Users\\d.bz.kumar\\CO-Demo\\CO\\caldemo_dw\\logs'}
[0m18:07:48.230610 [info ] [MainThread]: dbt version: 1.12.0
[0m18:07:48.231204 [info ] [MainThread]: python version: 3.13.12
[0m18:07:48.231654 [info ] [MainThread]: python path: C:\Users\d.bz.kumar\AppData\Local\Programs\Python\Python313\python.exe
[0m18:07:48.232099 [info ] [MainThread]: os info: Windows-11-10.0.26200-SP0
[0m18:07:48.935976 [debug] [MainThread]: Snowflake adapter: Setting snowflake.connector to ERROR (file logging only)
[0m18:07:48.936450 [debug] [MainThread]: Snowflake adapter: Setting botocore to ERROR (file logging only)
[0m18:07:48.936744 [debug] [MainThread]: Snowflake adapter: Setting boto3 to ERROR (file logging only)
[0m18:07:49.160824 [debug] [MainThread]: Snowflake adapter: Replaced underscores (_) with hyphens (-) in Snowflake account name to form a valid account URL.
[0m18:07:49.164795 [info ] [MainThread]: Using profiles dir at c:\Users\d.bz.kumar\CO-Demo\CO\caldemo_dw
[0m18:07:49.165366 [info ] [MainThread]: Using profiles.yml file at c:\Users\d.bz.kumar\CO-Demo\CO\caldemo_dw\profiles.yml
[0m18:07:49.165752 [info ] [MainThread]: Using dbt_project.yml file at c:\Users\d.bz.kumar\CO-Demo\CO\caldemo_dw\dbt_project.yml
[0m18:07:49.167263 [info ] [MainThread]: adapter type: snowflake
[0m18:07:49.167814 [info ] [MainThread]: adapter version: 1.12.0
[0m18:07:49.248421 [info ] [MainThread]: Configuration:
[0m18:07:49.249043 [info ] [MainThread]:   profiles.yml file [[32mOK found and valid[0m]
[0m18:07:49.249488 [info ] [MainThread]:   dbt_project.yml file [[32mOK found and valid[0m]
[0m18:07:49.249848 [info ] [MainThread]: Required dependencies:
[0m18:07:49.250194 [debug] [MainThread]: Executing "git --help"
[0m18:07:49.503064 [debug] [MainThread]: STDOUT: "b"usage: git [-v | --version] [-h | --help] [-C <path>] [-c <name>=<value>]\n           [--exec-path[=<path>]] [--html-path] [--man-path] [--info-path]\n           [-p | --paginate | -P | --no-pager] [--no-replace-objects] [--no-lazy-fetch]\n           [--no-optional-locks] [--no-advice] [--bare] [--git-dir=<path>]\n           [--work-tree=<path>] [--namespace=<name>] [--config-env=<name>=<envvar>]\n           <command> [<args>]\n\nThese are common Git commands used in various situations:\n\nstart a working area (see also: git help tutorial)\n   clone      Clone a repository into a new directory\n   init       Create an empty Git repository or reinitialize an existing one\n\nwork on the current change (see also: git help everyday)\n   add        Add file contents to the index\n   mv         Move or rename a file, a directory, or a symlink\n   restore    Restore working tree files\n   rm         Remove files from the working tree and from the index\n\nexamine the history and state (see also: git help revisions)\n   bisect     Use binary search to find the commit that introduced a bug\n   diff       Show changes between commits, commit and working tree, etc\n   grep       Print lines matching a pattern\n   log        Show commit logs\n   show       Show various types of objects\n   status     Show the working tree status\n\ngrow, mark and tweak your common history\n   backfill   Download missing objects in a partial clone\n   branch     List, create, or delete branches\n   commit     Record changes to the repository\n   merge      Join two or more development histories together\n   rebase     Reapply commits on top of another base tip\n   reset      Set `HEAD` or the index to a known state\n   switch     Switch branches\n   tag        Create, list, delete or verify tags\n\ncollaborate (see also: git help workflows)\n   fetch      Download objects and refs from another repository\n   pull       Fetch from and integrate with another repository or a local branch\n   push       Update remote refs along with associated objects\n\n'git help -a' and 'git help -g' list available subcommands and some\nconcept guides. See 'git help <command>' or 'git help <concept>'\nto read about a specific subcommand or concept.\nSee 'git help git' for an overview of the system.\n""
[0m18:07:49.503576 [debug] [MainThread]: STDERR: "b''"
[0m18:07:49.503860 [info ] [MainThread]:  - git [[32mOK found[0m]

[0m18:07:49.504476 [info ] [MainThread]: Connection:
[0m18:07:49.505053 [info ] [MainThread]:   account: sfsenorthamerica-tim-jones-demo
[0m18:07:49.505517 [info ] [MainThread]:   user: ADMIN
[0m18:07:49.505856 [info ] [MainThread]:   database: FACETS_DEV
[0m18:07:49.506395 [info ] [MainThread]:   warehouse: WH_XS
[0m18:07:49.508024 [info ] [MainThread]:   role: ACCOUNTADMIN
[0m18:07:49.508523 [info ] [MainThread]:   schema: SILVER
[0m18:07:49.508978 [info ] [MainThread]:   authenticator: None
[0m18:07:49.509486 [info ] [MainThread]:   oauth_client_id: None
[0m18:07:49.509948 [info ] [MainThread]:   query_tag: None
[0m18:07:49.510227 [info ] [MainThread]:   client_session_keep_alive: False
[0m18:07:49.510485 [info ] [MainThread]:   host: None
[0m18:07:49.510768 [info ] [MainThread]:   port: None
[0m18:07:49.511035 [info ] [MainThread]:   proxy_host: None
[0m18:07:49.511256 [info ] [MainThread]:   proxy_port: None
[0m18:07:49.511481 [info ] [MainThread]:   protocol: None
[0m18:07:49.511703 [info ] [MainThread]:   connect_retries: 1
[0m18:07:49.511952 [info ] [MainThread]:   connect_timeout: None
[0m18:07:49.512170 [info ] [MainThread]:   retry_on_database_errors: False
[0m18:07:49.512379 [info ] [MainThread]:   retry_all: False
[0m18:07:49.512768 [info ] [MainThread]:   insecure_mode: False
[0m18:07:49.513150 [info ] [MainThread]:   reuse_connections: True
[0m18:07:49.513476 [info ] [MainThread]:   s3_stage_vpce_dns_name: None
[0m18:07:49.513806 [info ] [MainThread]:   workload_identity_provider: None
[0m18:07:49.514437 [info ] [MainThread]:   workload_identity_entra_resource: None
[0m18:07:49.514813 [info ] [MainThread]:   platform_detection_timeout_seconds: 0.0
[0m18:07:49.515569 [info ] [MainThread]: Registered adapter: snowflake=1.12.0
[0m18:07:49.924296 [debug] [MainThread]: Acquiring new snowflake connection 'debug'
[0m18:07:49.927856 [debug] [MainThread]: Using snowflake connection "debug"
[0m18:07:49.928250 [debug] [MainThread]: On debug: select 1 as id
[0m18:07:49.928512 [debug] [MainThread]: Opening a new connection, currently in state init
[0m18:07:49.936850 [debug] [MainThread]: Snowflake adapter: Error running SQL: select 1 as id
[0m18:07:49.937257 [debug] [MainThread]: Snowflake adapter: Rolling back transaction.
[0m18:07:49.937583 [info ] [MainThread]:   Connection test: [[31mERROR[0m]

[0m18:07:49.938093 [info ] [MainThread]: [31m1 check failed:[0m
[0m18:07:49.938607 [info ] [MainThread]: dbt was unable to connect to the specified database.
The database returned the following error:

  >Database Error
  251006: Password is empty

Check your database credentials and try again. For more information, visit:
https://docs.getdbt.com/docs/configure-your-profile


[0m18:07:49.941996 [debug] [MainThread]: Command `dbt debug` failed at 18:07:49.941818 after 1.98 seconds
[0m18:07:49.942457 [debug] [MainThread]: Connection 'debug' was left open.
[0m18:07:49.942737 [debug] [MainThread]: On debug: No close available on handle
[0m18:07:49.943020 [debug] [MainThread]: Sending event: {'category': 'dbt', 'action': 'invocation', 'label': 'end', 'context': [<snowplow_tracker.self_describing_json.SelfDescribingJson object at 0x00000225E4BF0510>, <snowplow_tracker.self_describing_json.SelfDescribingJson object at 0x00000225E4A57650>, <snowplow_tracker.self_describing_json.SelfDescribingJson object at 0x00000225E493C6B0>]}
[0m18:07:49.943354 [debug] [MainThread]: Flushing usage events
[0m18:07:52.252997 [debug] [MainThread]: An error was encountered while trying to flush usage events
[0m18:11:26.427021 [debug] [MainThread]: Sending event: {'category': 'dbt', 'action': 'invocation', 'label': 'start', 'context': [<snowplow_tracker.self_describing_json.SelfDescribingJson object at 0x0000012386DFD550>, <snowplow_tracker.self_describing_json.SelfDescribingJson object at 0x000001238956BED0>, <snowplow_tracker.self_describing_json.SelfDescribingJson object at 0x000001238956B750>]}


============================== 18:11:26.432058 | dbb9d7d6-c9b7-44c0-8716-8d5cadbdd5bd ==============================
[0m18:11:26.432058 [info ] [MainThread]: Running with dbt=1.12.0
[0m18:11:26.432610 [debug] [MainThread]: running dbt with arguments {'version_check': 'True', 'no_print': 'None', 'static_parser': 'True', 'warn_error_options': 'WarnErrorOptionsV2(error=[], warn=[], silence=[])', 'target_path': 'None', 'maximum_seed_size_mib': '1', 'printer_width': '80', 'write_json': 'True', 'empty': 'None', 'log_cache_events': 'False', 'introspect': 'True', 'cache_selected_only': 'False', 'fail_fast': 'False', 'debug': 'False', 'log_format': 'default', 'partial_parse': 'True', 'send_anonymous_usage_stats': 'True', 'quiet': 'False', 'warn_error': 'None', 'profiles_dir': 'c:\\Users\\d.bz.kumar\\CO-Demo\\CO\\caldemo_dw', 'invocation_command': 'dbt debug', 'hints_enabled': 'True', 'indirect_selection': 'eager', 'use_experimental_parser': 'False', 'use_colors': 'True', 'log_path': 'c:\\Users\\d.bz.kumar\\CO-Demo\\CO\\caldemo_dw\\logs'}
[0m18:11:26.464906 [info ] [MainThread]: dbt version: 1.12.0
[0m18:11:26.465387 [info ] [MainThread]: python version: 3.13.12
[0m18:11:26.465724 [info ] [MainThread]: python path: C:\Users\d.bz.kumar\AppData\Local\Programs\Python\Python313\python.exe
[0m18:11:26.466016 [info ] [MainThread]: os info: Windows-11-10.0.26200-SP0
[0m18:11:27.250505 [debug] [MainThread]: Snowflake adapter: Setting snowflake.connector to ERROR (file logging only)
[0m18:11:27.250941 [debug] [MainThread]: Snowflake adapter: Setting botocore to ERROR (file logging only)
[0m18:11:27.252151 [debug] [MainThread]: Snowflake adapter: Setting boto3 to ERROR (file logging only)
[0m18:11:27.515855 [debug] [MainThread]: Snowflake adapter: Replaced underscores (_) with hyphens (-) in Snowflake account name to form a valid account URL.
[0m18:11:27.524558 [info ] [MainThread]: Using profiles dir at c:\Users\d.bz.kumar\CO-Demo\CO\caldemo_dw
[0m18:11:27.526999 [info ] [MainThread]: Using profiles.yml file at c:\Users\d.bz.kumar\CO-Demo\CO\caldemo_dw\profiles.yml
[0m18:11:27.529461 [info ] [MainThread]: Using dbt_project.yml file at c:\Users\d.bz.kumar\CO-Demo\CO\caldemo_dw\dbt_project.yml
[0m18:11:27.531994 [info ] [MainThread]: adapter type: snowflake
[0m18:11:27.532760 [info ] [MainThread]: adapter version: 1.12.0
[0m18:11:27.616115 [info ] [MainThread]: Configuration:
[0m18:11:27.616845 [info ] [MainThread]:   profiles.yml file [[32mOK found and valid[0m]
[0m18:11:27.617376 [info ] [MainThread]:   dbt_project.yml file [[32mOK found and valid[0m]
[0m18:11:27.618299 [info ] [MainThread]: Required dependencies:
[0m18:11:27.619408 [debug] [MainThread]: Executing "git --help"
[0m18:11:27.845891 [debug] [MainThread]: STDOUT: "b"usage: git [-v | --version] [-h | --help] [-C <path>] [-c <name>=<value>]\n           [--exec-path[=<path>]] [--html-path] [--man-path] [--info-path]\n           [-p | --paginate | -P | --no-pager] [--no-replace-objects] [--no-lazy-fetch]\n           [--no-optional-locks] [--no-advice] [--bare] [--git-dir=<path>]\n           [--work-tree=<path>] [--namespace=<name>] [--config-env=<name>=<envvar>]\n           <command> [<args>]\n\nThese are common Git commands used in various situations:\n\nstart a working area (see also: git help tutorial)\n   clone      Clone a repository into a new directory\n   init       Create an empty Git repository or reinitialize an existing one\n\nwork on the current change (see also: git help everyday)\n   add        Add file contents to the index\n   mv         Move or rename a file, a directory, or a symlink\n   restore    Restore working tree files\n   rm         Remove files from the working tree and from the index\n\nexamine the history and state (see also: git help revisions)\n   bisect     Use binary search to find the commit that introduced a bug\n   diff       Show changes between commits, commit and working tree, etc\n   grep       Print lines matching a pattern\n   log        Show commit logs\n   show       Show various types of objects\n   status     Show the working tree status\n\ngrow, mark and tweak your common history\n   backfill   Download missing objects in a partial clone\n   branch     List, create, or delete branches\n   commit     Record changes to the repository\n   merge      Join two or more development histories together\n   rebase     Reapply commits on top of another base tip\n   reset      Set `HEAD` or the index to a known state\n   switch     Switch branches\n   tag        Create, list, delete or verify tags\n\ncollaborate (see also: git help workflows)\n   fetch      Download objects and refs from another repository\n   pull       Fetch from and integrate with another repository or a local branch\n   push       Update remote refs along with associated objects\n\n'git help -a' and 'git help -g' list available subcommands and some\nconcept guides. See 'git help <command>' or 'git help <concept>'\nto read about a specific subcommand or concept.\nSee 'git help git' for an overview of the system.\n""
[0m18:11:27.846420 [debug] [MainThread]: STDERR: "b''"
[0m18:11:27.846721 [info ] [MainThread]:  - git [[32mOK found[0m]

[0m18:11:27.847254 [info ] [MainThread]: Connection:
[0m18:11:27.847698 [info ] [MainThread]:   account: sfsenorthamerica-tim-jones-demo
[0m18:11:27.848059 [info ] [MainThread]:   user: ADMIN
[0m18:11:27.848381 [info ] [MainThread]:   database: FACETS_DEV
[0m18:11:27.848684 [info ] [MainThread]:   warehouse: WH_XS
[0m18:11:27.848978 [info ] [MainThread]:   role: ACCOUNTADMIN
[0m18:11:27.849393 [info ] [MainThread]:   schema: SILVER
[0m18:11:27.849994 [info ] [MainThread]:   authenticator: None
[0m18:11:27.850454 [info ] [MainThread]:   oauth_client_id: None
[0m18:11:27.851018 [info ] [MainThread]:   query_tag: None
[0m18:11:27.851459 [info ] [MainThread]:   client_session_keep_alive: False
[0m18:11:27.854048 [info ] [MainThread]:   host: None
[0m18:11:27.855676 [info ] [MainThread]:   port: None
[0m18:11:27.856091 [info ] [MainThread]:   proxy_host: None
[0m18:11:27.856508 [info ] [MainThread]:   proxy_port: None
[0m18:11:27.856914 [info ] [MainThread]:   protocol: None
[0m18:11:27.857308 [info ] [MainThread]:   connect_retries: 1
[0m18:11:27.857642 [info ] [MainThread]:   connect_timeout: None
[0m18:11:27.857960 [info ] [MainThread]:   retry_on_database_errors: False
[0m18:11:27.858275 [info ] [MainThread]:   retry_all: False
[0m18:11:27.858683 [info ] [MainThread]:   insecure_mode: False
[0m18:11:27.859012 [info ] [MainThread]:   reuse_connections: True
[0m18:11:27.860392 [info ] [MainThread]:   s3_stage_vpce_dns_name: None
[0m18:11:27.861415 [info ] [MainThread]:   workload_identity_provider: None
[0m18:11:27.862531 [info ] [MainThread]:   workload_identity_entra_resource: None
[0m18:11:27.863783 [info ] [MainThread]:   platform_detection_timeout_seconds: 0.0
[0m18:11:27.864517 [info ] [MainThread]: Registered adapter: snowflake=1.12.0
[0m18:11:28.294122 [debug] [MainThread]: Acquiring new snowflake connection 'debug'
[0m18:11:28.296833 [debug] [MainThread]: Using snowflake connection "debug"
[0m18:11:28.297160 [debug] [MainThread]: On debug: select 1 as id
[0m18:11:28.297388 [debug] [MainThread]: Opening a new connection, currently in state init
[0m18:11:28.306750 [debug] [MainThread]: Snowflake adapter: Error running SQL: select 1 as id
[0m18:11:28.307153 [debug] [MainThread]: Snowflake adapter: Rolling back transaction.
[0m18:11:28.307484 [info ] [MainThread]:   Connection test: [[31mERROR[0m]

[0m18:11:28.308006 [info ] [MainThread]: [31m1 check failed:[0m
[0m18:11:28.308579 [info ] [MainThread]: dbt was unable to connect to the specified database.
The database returned the following error:

  >Database Error
  251006: Password is empty

Check your database credentials and try again. For more information, visit:
https://docs.getdbt.com/docs/configure-your-profile


[0m18:11:28.309726 [debug] [MainThread]: Command `dbt debug` failed at 18:11:28.309619 after 2.19 seconds
[0m18:11:28.310021 [debug] [MainThread]: Connection 'debug' was left open.
[0m18:11:28.310263 [debug] [MainThread]: On debug: No close available on handle
[0m18:11:28.310553 [debug] [MainThread]: Sending event: {'category': 'dbt', 'action': 'invocation', 'label': 'end', 'context': [<snowplow_tracker.self_describing_json.SelfDescribingJson object at 0x000001238AE90510>, <snowplow_tracker.self_describing_json.SelfDescribingJson object at 0x000001238ACF7650>, <snowplow_tracker.self_describing_json.SelfDescribingJson object at 0x000001238ABE86B0>]}
[0m18:11:28.310918 [debug] [MainThread]: Flushing usage events
[0m18:11:30.633787 [debug] [MainThread]: An error was encountered while trying to flush usage events
[0m18:12:18.689810 [debug] [MainThread]: Sending event: {'category': 'dbt', 'action': 'invocation', 'label': 'start', 'context': [<snowplow_tracker.self_describing_json.SelfDescribingJson object at 0x0000022F6604D550>, <snowplow_tracker.self_describing_json.SelfDescribingJson object at 0x0000022F687B7ED0>, <snowplow_tracker.self_describing_json.SelfDescribingJson object at 0x0000022F687B7750>]}


============================== 18:12:18.694791 | 12eebf0b-5176-4d61-92b0-bc7649fbdd48 ==============================
[0m18:12:18.694791 [info ] [MainThread]: Running with dbt=1.12.0
[0m18:12:18.695304 [debug] [MainThread]: running dbt with arguments {'version_check': 'True', 'no_print': 'None', 'maximum_seed_size_mib': '1', 'target_path': 'None', 'warn_error_options': 'WarnErrorOptionsV2(error=[], warn=[], silence=[])', 'static_parser': 'True', 'printer_width': '80', 'write_json': 'True', 'empty': 'None', 'log_cache_events': 'False', 'introspect': 'True', 'cache_selected_only': 'False', 'log_format': 'default', 'debug': 'False', 'fail_fast': 'False', 'partial_parse': 'True', 'send_anonymous_usage_stats': 'True', 'quiet': 'False', 'warn_error': 'None', 'profiles_dir': 'c:\\Users\\d.bz.kumar\\CO-Demo\\CO\\caldemo_dw', 'indirect_selection': 'eager', 'hints_enabled': 'True', 'use_colors': 'True', 'use_experimental_parser': 'False', 'invocation_command': 'dbt debug', 'log_path': 'c:\\Users\\d.bz.kumar\\CO-Demo\\CO\\caldemo_dw\\logs'}
[0m18:12:18.726751 [info ] [MainThread]: dbt version: 1.12.0
[0m18:12:18.727331 [info ] [MainThread]: python version: 3.13.12
[0m18:12:18.727769 [info ] [MainThread]: python path: C:\Users\d.bz.kumar\AppData\Local\Programs\Python\Python313\python.exe
[0m18:12:18.728457 [info ] [MainThread]: os info: Windows-11-10.0.26200-SP0
[0m18:12:19.354060 [debug] [MainThread]: Snowflake adapter: Setting snowflake.connector to ERROR (file logging only)
[0m18:12:19.354481 [debug] [MainThread]: Snowflake adapter: Setting botocore to ERROR (file logging only)
[0m18:12:19.354738 [debug] [MainThread]: Snowflake adapter: Setting boto3 to ERROR (file logging only)
[0m18:12:19.629837 [debug] [MainThread]: Snowflake adapter: Replaced underscores (_) with hyphens (-) in Snowflake account name to form a valid account URL.
[0m18:12:19.633909 [info ] [MainThread]: Using profiles dir at c:\Users\d.bz.kumar\CO-Demo\CO\caldemo_dw
[0m18:12:19.634785 [info ] [MainThread]: Using profiles.yml file at c:\Users\d.bz.kumar\CO-Demo\CO\caldemo_dw\profiles.yml
[0m18:12:19.635423 [info ] [MainThread]: Using dbt_project.yml file at c:\Users\d.bz.kumar\CO-Demo\CO\caldemo_dw\dbt_project.yml
[0m18:12:19.637181 [info ] [MainThread]: adapter type: snowflake
[0m18:12:19.637708 [info ] [MainThread]: adapter version: 1.12.0
[0m18:12:19.711175 [info ] [MainThread]: Configuration:
[0m18:12:19.711963 [info ] [MainThread]:   profiles.yml file [[32mOK found and valid[0m]
[0m18:12:19.712530 [info ] [MainThread]:   dbt_project.yml file [[32mOK found and valid[0m]
[0m18:12:19.712857 [info ] [MainThread]: Required dependencies:
[0m18:12:19.713141 [debug] [MainThread]: Executing "git --help"
[0m18:12:19.936488 [debug] [MainThread]: STDOUT: "b"usage: git [-v | --version] [-h | --help] [-C <path>] [-c <name>=<value>]\n           [--exec-path[=<path>]] [--html-path] [--man-path] [--info-path]\n           [-p | --paginate | -P | --no-pager] [--no-replace-objects] [--no-lazy-fetch]\n           [--no-optional-locks] [--no-advice] [--bare] [--git-dir=<path>]\n           [--work-tree=<path>] [--namespace=<name>] [--config-env=<name>=<envvar>]\n           <command> [<args>]\n\nThese are common Git commands used in various situations:\n\nstart a working area (see also: git help tutorial)\n   clone      Clone a repository into a new directory\n   init       Create an empty Git repository or reinitialize an existing one\n\nwork on the current change (see also: git help everyday)\n   add        Add file contents to the index\n   mv         Move or rename a file, a directory, or a symlink\n   restore    Restore working tree files\n   rm         Remove files from the working tree and from the index\n\nexamine the history and state (see also: git help revisions)\n   bisect     Use binary search to find the commit that introduced a bug\n   diff       Show changes between commits, commit and working tree, etc\n   grep       Print lines matching a pattern\n   log        Show commit logs\n   show       Show various types of objects\n   status     Show the working tree status\n\ngrow, mark and tweak your common history\n   backfill   Download missing objects in a partial clone\n   branch     List, create, or delete branches\n   commit     Record changes to the repository\n   merge      Join two or more development histories together\n   rebase     Reapply commits on top of another base tip\n   reset      Set `HEAD` or the index to a known state\n   switch     Switch branches\n   tag        Create, list, delete or verify tags\n\ncollaborate (see also: git help workflows)\n   fetch      Download objects and refs from another repository\n   pull       Fetch from and integrate with another repository or a local branch\n   push       Update remote refs along with associated objects\n\n'git help -a' and 'git help -g' list available subcommands and some\nconcept guides. See 'git help <command>' or 'git help <concept>'\nto read about a specific subcommand or concept.\nSee 'git help git' for an overview of the system.\n""
[0m18:12:19.936959 [debug] [MainThread]: STDERR: "b''"
[0m18:12:19.937257 [info ] [MainThread]:  - git [[32mOK found[0m]

[0m18:12:19.937899 [info ] [MainThread]: Connection:
[0m18:12:19.938379 [info ] [MainThread]:   account: sfsenorthamerica-tim-jones-demo
[0m18:12:19.938700 [info ] [MainThread]:   user: ADMIN
[0m18:12:19.939090 [info ] [MainThread]:   database: FACETS_DEV
[0m18:12:19.939534 [info ] [MainThread]:   warehouse: WH_XS
[0m18:12:19.939930 [info ] [MainThread]:   role: ACCOUNTADMIN
[0m18:12:19.940334 [info ] [MainThread]:   schema: SILVER
[0m18:12:19.940624 [info ] [MainThread]:   authenticator: None
[0m18:12:19.940869 [info ] [MainThread]:   oauth_client_id: None
[0m18:12:19.941106 [info ] [MainThread]:   query_tag: None
[0m18:12:19.945133 [info ] [MainThread]:   client_session_keep_alive: False
[0m18:12:19.945735 [info ] [MainThread]:   host: None
[0m18:12:19.946254 [info ] [MainThread]:   port: None
[0m18:12:19.946650 [info ] [MainThread]:   proxy_host: None
[0m18:12:19.947097 [info ] [MainThread]:   proxy_port: None
[0m18:12:19.947507 [info ] [MainThread]:   protocol: None
[0m18:12:19.947813 [info ] [MainThread]:   connect_retries: 1
[0m18:12:19.948070 [info ] [MainThread]:   connect_timeout: None
[0m18:12:19.948300 [info ] [MainThread]:   retry_on_database_errors: False
[0m18:12:19.948524 [info ] [MainThread]:   retry_all: False
[0m18:12:19.948740 [info ] [MainThread]:   insecure_mode: False
[0m18:12:19.948953 [info ] [MainThread]:   reuse_connections: True
[0m18:12:19.949177 [info ] [MainThread]:   s3_stage_vpce_dns_name: None
[0m18:12:19.949391 [info ] [MainThread]:   workload_identity_provider: None
[0m18:12:19.949904 [info ] [MainThread]:   workload_identity_entra_resource: None
[0m18:12:19.951217 [info ] [MainThread]:   platform_detection_timeout_seconds: 0.0
[0m18:12:19.952379 [info ] [MainThread]: Registered adapter: snowflake=1.12.0
[0m18:12:20.312140 [debug] [MainThread]: Acquiring new snowflake connection 'debug'
[0m18:12:20.314954 [debug] [MainThread]: Using snowflake connection "debug"
[0m18:12:20.315311 [debug] [MainThread]: On debug: select 1 as id
[0m18:12:20.315529 [debug] [MainThread]: Opening a new connection, currently in state init
[0m18:12:20.324483 [debug] [MainThread]: Snowflake adapter: Error running SQL: select 1 as id
[0m18:12:20.324791 [debug] [MainThread]: Snowflake adapter: Rolling back transaction.
[0m18:12:20.325030 [info ] [MainThread]:   Connection test: [[31mERROR[0m]

[0m18:12:20.325526 [info ] [MainThread]: [31m1 check failed:[0m
[0m18:12:20.326018 [info ] [MainThread]: dbt was unable to connect to the specified database.
The database returned the following error:

  >Database Error
  251006: Password is empty

Check your database credentials and try again. For more information, visit:
https://docs.getdbt.com/docs/configure-your-profile


[0m18:12:20.327101 [debug] [MainThread]: Command `dbt debug` failed at 18:12:20.326997 after 1.87 seconds
[0m18:12:20.327406 [debug] [MainThread]: Connection 'debug' was left open.
[0m18:12:20.327659 [debug] [MainThread]: On debug: No close available on handle
[0m18:12:20.328265 [debug] [MainThread]: Sending event: {'category': 'dbt', 'action': 'invocation', 'label': 'end', 'context': [<snowplow_tracker.self_describing_json.SelfDescribingJson object at 0x0000022F6A0B0510>, <snowplow_tracker.self_describing_json.SelfDescribingJson object at 0x0000022F69F17650>, <snowplow_tracker.self_describing_json.SelfDescribingJson object at 0x0000022F69E086B0>]}
[0m18:12:20.328622 [debug] [MainThread]: Flushing usage events
[0m18:12:21.087997 [debug] [MainThread]: An error was encountered while trying to flush usage events
[0m18:12:48.510367 [debug] [MainThread]: Sending event: {'category': 'dbt', 'action': 'invocation', 'label': 'start', 'context': [<snowplow_tracker.self_describing_json.SelfDescribingJson object at 0x00000222D3BAD550>, <snowplow_tracker.self_describing_json.SelfDescribingJson object at 0x00000222D6317ED0>, <snowplow_tracker.self_describing_json.SelfDescribingJson object at 0x00000222D6317750>]}


============================== 18:12:48.515014 | 36a67046-bfba-42e3-a3b3-70938fdf1daa ==============================
[0m18:12:48.515014 [info ] [MainThread]: Running with dbt=1.12.0
[0m18:12:48.515890 [debug] [MainThread]: running dbt with arguments {'version_check': 'True', 'no_print': 'None', 'static_parser': 'True', 'target_path': 'None', 'warn_error_options': 'WarnErrorOptionsV2(error=[], warn=[], silence=[])', 'maximum_seed_size_mib': '1', 'printer_width': '80', 'write_json': 'True', 'introspect': 'True', 'log_cache_events': 'False', 'empty': 'None', 'cache_selected_only': 'False', 'log_format': 'default', 'debug': 'False', 'fail_fast': 'False', 'profiles_dir': 'C:\\Users\\d.bz.kumar\\CO-Demo\\CO\\caldemo_dw', 'send_anonymous_usage_stats': 'True', 'quiet': 'False', 'warn_error': 'None', 'partial_parse': 'True', 'use_colors': 'True', 'hints_enabled': 'True', 'invocation_command': 'dbt debug', 'use_experimental_parser': 'False', 'indirect_selection': 'eager', 'log_path': 'C:\\Users\\d.bz.kumar\\CO-Demo\\CO\\caldemo_dw\\logs'}
[0m18:12:48.543991 [info ] [MainThread]: dbt version: 1.12.0
[0m18:12:48.544664 [info ] [MainThread]: python version: 3.13.12
[0m18:12:48.545031 [info ] [MainThread]: python path: C:\Users\d.bz.kumar\AppData\Local\Programs\Python\Python313\python.exe
[0m18:12:48.545316 [info ] [MainThread]: os info: Windows-11-10.0.26200-SP0
[0m18:12:49.220631 [debug] [MainThread]: Snowflake adapter: Setting snowflake.connector to ERROR (file logging only)
[0m18:12:49.221032 [debug] [MainThread]: Snowflake adapter: Setting botocore to ERROR (file logging only)
[0m18:12:49.221251 [debug] [MainThread]: Snowflake adapter: Setting boto3 to ERROR (file logging only)
[0m18:12:49.460696 [debug] [MainThread]: Snowflake adapter: Replaced underscores (_) with hyphens (-) in Snowflake account name to form a valid account URL.
[0m18:12:49.464032 [info ] [MainThread]: Using profiles dir at C:\Users\d.bz.kumar\CO-Demo\CO\caldemo_dw
[0m18:12:49.464594 [info ] [MainThread]: Using profiles.yml file at C:\Users\d.bz.kumar\CO-Demo\CO\caldemo_dw\profiles.yml
[0m18:12:49.465009 [info ] [MainThread]: Using dbt_project.yml file at C:\Users\d.bz.kumar\CO-Demo\CO\caldemo_dw\dbt_project.yml
[0m18:12:49.468891 [info ] [MainThread]: adapter type: snowflake
[0m18:12:49.470348 [info ] [MainThread]: adapter version: 1.12.0
[0m18:12:49.543837 [info ] [MainThread]: Configuration:
[0m18:12:49.544606 [info ] [MainThread]:   profiles.yml file [[32mOK found and valid[0m]
[0m18:12:49.545101 [info ] [MainThread]:   dbt_project.yml file [[32mOK found and valid[0m]
[0m18:12:49.545546 [info ] [MainThread]: Required dependencies:
[0m18:12:49.545889 [debug] [MainThread]: Executing "git --help"
[0m18:12:49.846841 [debug] [MainThread]: STDOUT: "b"usage: git [-v | --version] [-h | --help] [-C <path>] [-c <name>=<value>]\n           [--exec-path[=<path>]] [--html-path] [--man-path] [--info-path]\n           [-p | --paginate | -P | --no-pager] [--no-replace-objects] [--no-lazy-fetch]\n           [--no-optional-locks] [--no-advice] [--bare] [--git-dir=<path>]\n           [--work-tree=<path>] [--namespace=<name>] [--config-env=<name>=<envvar>]\n           <command> [<args>]\n\nThese are common Git commands used in various situations:\n\nstart a working area (see also: git help tutorial)\n   clone      Clone a repository into a new directory\n   init       Create an empty Git repository or reinitialize an existing one\n\nwork on the current change (see also: git help everyday)\n   add        Add file contents to the index\n   mv         Move or rename a file, a directory, or a symlink\n   restore    Restore working tree files\n   rm         Remove files from the working tree and from the index\n\nexamine the history and state (see also: git help revisions)\n   bisect     Use binary search to find the commit that introduced a bug\n   diff       Show changes between commits, commit and working tree, etc\n   grep       Print lines matching a pattern\n   log        Show commit logs\n   show       Show various types of objects\n   status     Show the working tree status\n\ngrow, mark and tweak your common history\n   backfill   Download missing objects in a partial clone\n   branch     List, create, or delete branches\n   commit     Record changes to the repository\n   merge      Join two or more development histories together\n   rebase     Reapply commits on top of another base tip\n   reset      Set `HEAD` or the index to a known state\n   switch     Switch branches\n   tag        Create, list, delete or verify tags\n\ncollaborate (see also: git help workflows)\n   fetch      Download objects and refs from another repository\n   pull       Fetch from and integrate with another repository or a local branch\n   push       Update remote refs along with associated objects\n\n'git help -a' and 'git help -g' list available subcommands and some\nconcept guides. See 'git help <command>' or 'git help <concept>'\nto read about a specific subcommand or concept.\nSee 'git help git' for an overview of the system.\n""
[0m18:12:49.847333 [debug] [MainThread]: STDERR: "b''"
[0m18:12:49.847625 [info ] [MainThread]:  - git [[32mOK found[0m]

[0m18:12:49.848230 [info ] [MainThread]: Connection:
[0m18:12:49.848743 [info ] [MainThread]:   account: sfsenorthamerica-tim-jones-demo
[0m18:12:49.851692 [info ] [MainThread]:   user: ADMIN
[0m18:12:49.852280 [info ] [MainThread]:   database: FACETS_DEV
[0m18:12:49.852799 [info ] [MainThread]:   warehouse: WH_XS
[0m18:12:49.853817 [info ] [MainThread]:   role: ACCOUNTADMIN
[0m18:12:49.854842 [info ] [MainThread]:   schema: SILVER
[0m18:12:49.855497 [info ] [MainThread]:   authenticator: None
[0m18:12:49.855964 [info ] [MainThread]:   oauth_client_id: None
[0m18:12:49.856430 [info ] [MainThread]:   query_tag: None
[0m18:12:49.856930 [info ] [MainThread]:   client_session_keep_alive: False
[0m18:12:49.857398 [info ] [MainThread]:   host: None
[0m18:12:49.857970 [info ] [MainThread]:   port: None
[0m18:12:49.858459 [info ] [MainThread]:   proxy_host: None
[0m18:12:49.858937 [info ] [MainThread]:   proxy_port: None
[0m18:12:49.859402 [info ] [MainThread]:   protocol: None
[0m18:12:49.861372 [info ] [MainThread]:   connect_retries: 1
[0m18:12:49.861944 [info ] [MainThread]:   connect_timeout: None
[0m18:12:49.862382 [info ] [MainThread]:   retry_on_database_errors: False
[0m18:12:49.862864 [info ] [MainThread]:   retry_all: False
[0m18:12:49.863357 [info ] [MainThread]:   insecure_mode: False
[0m18:12:49.863822 [info ] [MainThread]:   reuse_connections: True
[0m18:12:49.864265 [info ] [MainThread]:   s3_stage_vpce_dns_name: None
[0m18:12:49.865552 [info ] [MainThread]:   workload_identity_provider: None
[0m18:12:49.868463 [info ] [MainThread]:   workload_identity_entra_resource: None
[0m18:12:49.868986 [info ] [MainThread]:   platform_detection_timeout_seconds: 0.0
[0m18:12:49.869779 [info ] [MainThread]: Registered adapter: snowflake=1.12.0
[0m18:12:50.340124 [debug] [MainThread]: Acquiring new snowflake connection 'debug'
[0m18:12:50.342665 [debug] [MainThread]: Using snowflake connection "debug"
[0m18:12:50.342949 [debug] [MainThread]: On debug: select 1 as id
[0m18:12:50.343148 [debug] [MainThread]: Opening a new connection, currently in state init
[0m18:12:50.352612 [debug] [MainThread]: Snowflake adapter: Error running SQL: select 1 as id
[0m18:12:50.352930 [debug] [MainThread]: Snowflake adapter: Rolling back transaction.
[0m18:12:50.353167 [info ] [MainThread]:   Connection test: [[31mERROR[0m]

[0m18:12:50.353529 [info ] [MainThread]: [31m1 check failed:[0m
[0m18:12:50.353854 [info ] [MainThread]: dbt was unable to connect to the specified database.
The database returned the following error:

  >Database Error
  251006: Password is empty

Check your database credentials and try again. For more information, visit:
https://docs.getdbt.com/docs/configure-your-profile


[0m18:12:50.354723 [debug] [MainThread]: Command `dbt debug` failed at 18:12:50.354639 after 2.06 seconds
[0m18:12:50.354976 [debug] [MainThread]: Connection 'debug' was left open.
[0m18:12:50.355172 [debug] [MainThread]: On debug: No close available on handle
[0m18:12:50.355379 [debug] [MainThread]: Sending event: {'category': 'dbt', 'action': 'invocation', 'label': 'end', 'context': [<snowplow_tracker.self_describing_json.SelfDescribingJson object at 0x00000222D7C20510>, <snowplow_tracker.self_describing_json.SelfDescribingJson object at 0x00000222D7A87650>, <snowplow_tracker.self_describing_json.SelfDescribingJson object at 0x00000222D79786B0>]}
[0m18:12:50.355629 [debug] [MainThread]: Flushing usage events
[0m18:12:51.188729 [debug] [MainThread]: An error was encountered while trying to flush usage events
[0m18:13:29.530413 [debug] [MainThread]: Sending event: {'category': 'dbt', 'action': 'invocation', 'label': 'start', 'context': [<snowplow_tracker.self_describing_json.SelfDescribingJson object at 0x00000241A9BFD550>, <snowplow_tracker.self_describing_json.SelfDescribingJson object at 0x00000241AC36BED0>, <snowplow_tracker.self_describing_json.SelfDescribingJson object at 0x00000241AC36B750>]}


============================== 18:13:29.536857 | 74e25a55-6155-41a8-b6ef-660e3c771cbb ==============================
[0m18:13:29.536857 [info ] [MainThread]: Running with dbt=1.12.0
[0m18:13:29.537429 [debug] [MainThread]: running dbt with arguments {'version_check': 'True', 'no_print': 'None', 'maximum_seed_size_mib': '1', 'target_path': 'None', 'warn_error_options': 'WarnErrorOptionsV2(error=[], warn=[], silence=[])', 'static_parser': 'True', 'printer_width': '80', 'write_json': 'True', 'empty': 'None', 'log_cache_events': 'False', 'introspect': 'True', 'cache_selected_only': 'False', 'fail_fast': 'False', 'debug': 'False', 'log_format': 'default', 'profiles_dir': 'c:\\Users\\d.bz.kumar\\CO-Demo\\CO\\caldemo_dw', 'send_anonymous_usage_stats': 'True', 'quiet': 'False', 'warn_error': 'None', 'partial_parse': 'True', 'use_colors': 'True', 'hints_enabled': 'True', 'indirect_selection': 'eager', 'use_experimental_parser': 'False', 'invocation_command': 'dbt debug', 'log_path': 'c:\\Users\\d.bz.kumar\\CO-Demo\\CO\\caldemo_dw\\logs'}
[0m18:13:29.566587 [info ] [MainThread]: dbt version: 1.12.0
[0m18:13:29.567177 [info ] [MainThread]: python version: 3.13.12
[0m18:13:29.567770 [info ] [MainThread]: python path: C:\Users\d.bz.kumar\AppData\Local\Programs\Python\Python313\python.exe
[0m18:13:29.568065 [info ] [MainThread]: os info: Windows-11-10.0.26200-SP0
[0m18:13:30.230590 [debug] [MainThread]: Snowflake adapter: Setting snowflake.connector to ERROR (file logging only)
[0m18:13:30.231193 [debug] [MainThread]: Snowflake adapter: Setting botocore to ERROR (file logging only)
[0m18:13:30.231977 [debug] [MainThread]: Snowflake adapter: Setting boto3 to ERROR (file logging only)
[0m18:13:30.455113 [debug] [MainThread]: Snowflake adapter: Replaced underscores (_) with hyphens (-) in Snowflake account name to form a valid account URL.
[0m18:13:30.458327 [info ] [MainThread]: Using profiles dir at c:\Users\d.bz.kumar\CO-Demo\CO\caldemo_dw
[0m18:13:30.459005 [info ] [MainThread]: Using profiles.yml file at c:\Users\d.bz.kumar\CO-Demo\CO\caldemo_dw\profiles.yml
[0m18:13:30.459526 [info ] [MainThread]: Using dbt_project.yml file at c:\Users\d.bz.kumar\CO-Demo\CO\caldemo_dw\dbt_project.yml
[0m18:13:30.461727 [info ] [MainThread]: adapter type: snowflake
[0m18:13:30.462355 [info ] [MainThread]: adapter version: 1.12.0
[0m18:13:30.553916 [info ] [MainThread]: Configuration:
[0m18:13:30.554509 [info ] [MainThread]:   profiles.yml file [[32mOK found and valid[0m]
[0m18:13:30.554848 [info ] [MainThread]:   dbt_project.yml file [[32mOK found and valid[0m]
[0m18:13:30.555151 [info ] [MainThread]: Required dependencies:
[0m18:13:30.555463 [debug] [MainThread]: Executing "git --help"
[0m18:13:30.845649 [debug] [MainThread]: STDOUT: "b"usage: git [-v | --version] [-h | --help] [-C <path>] [-c <name>=<value>]\n           [--exec-path[=<path>]] [--html-path] [--man-path] [--info-path]\n           [-p | --paginate | -P | --no-pager] [--no-replace-objects] [--no-lazy-fetch]\n           [--no-optional-locks] [--no-advice] [--bare] [--git-dir=<path>]\n           [--work-tree=<path>] [--namespace=<name>] [--config-env=<name>=<envvar>]\n           <command> [<args>]\n\nThese are common Git commands used in various situations:\n\nstart a working area (see also: git help tutorial)\n   clone      Clone a repository into a new directory\n   init       Create an empty Git repository or reinitialize an existing one\n\nwork on the current change (see also: git help everyday)\n   add        Add file contents to the index\n   mv         Move or rename a file, a directory, or a symlink\n   restore    Restore working tree files\n   rm         Remove files from the working tree and from the index\n\nexamine the history and state (see also: git help revisions)\n   bisect     Use binary search to find the commit that introduced a bug\n   diff       Show changes between commits, commit and working tree, etc\n   grep       Print lines matching a pattern\n   log        Show commit logs\n   show       Show various types of objects\n   status     Show the working tree status\n\ngrow, mark and tweak your common history\n   backfill   Download missing objects in a partial clone\n   branch     List, create, or delete branches\n   commit     Record changes to the repository\n   merge      Join two or more development histories together\n   rebase     Reapply commits on top of another base tip\n   reset      Set `HEAD` or the index to a known state\n   switch     Switch branches\n   tag        Create, list, delete or verify tags\n\ncollaborate (see also: git help workflows)\n   fetch      Download objects and refs from another repository\n   pull       Fetch from and integrate with another repository or a local branch\n   push       Update remote refs along with associated objects\n\n'git help -a' and 'git help -g' list available subcommands and some\nconcept guides. See 'git help <command>' or 'git help <concept>'\nto read about a specific subcommand or concept.\nSee 'git help git' for an overview of the system.\n""
[0m18:13:30.846251 [debug] [MainThread]: STDERR: "b''"
[0m18:13:30.846622 [info ] [MainThread]:  - git [[32mOK found[0m]

[0m18:13:30.847217 [info ] [MainThread]: Connection:
[0m18:13:30.855840 [info ] [MainThread]:   account: sfsenorthamerica-tim-jones-demo
[0m18:13:30.856448 [info ] [MainThread]:   user: ADMIN
[0m18:13:30.856887 [info ] [MainThread]:   database: FACETS_DEV
[0m18:13:30.857449 [info ] [MainThread]:   warehouse: WH_XS
[0m18:13:30.857893 [info ] [MainThread]:   role: ACCOUNTADMIN
[0m18:13:30.858311 [info ] [MainThread]:   schema: SILVER
[0m18:13:30.858674 [info ] [MainThread]:   authenticator: None
[0m18:13:30.859097 [info ] [MainThread]:   oauth_client_id: None
[0m18:13:30.859470 [info ] [MainThread]:   query_tag: None
[0m18:13:30.859797 [info ] [MainThread]:   client_session_keep_alive: False
[0m18:13:30.860208 [info ] [MainThread]:   host: None
[0m18:13:30.860980 [info ] [MainThread]:   port: None
[0m18:13:30.861343 [info ] [MainThread]:   proxy_host: None
[0m18:13:30.861795 [info ] [MainThread]:   proxy_port: None
[0m18:13:30.862143 [info ] [MainThread]:   protocol: None
[0m18:13:30.862428 [info ] [MainThread]:   connect_retries: 1
[0m18:13:30.862672 [info ] [MainThread]:   connect_timeout: None
[0m18:13:30.862900 [info ] [MainThread]:   retry_on_database_errors: False
[0m18:13:30.863120 [info ] [MainThread]:   retry_all: False
[0m18:13:30.863338 [info ] [MainThread]:   insecure_mode: False
[0m18:13:30.863552 [info ] [MainThread]:   reuse_connections: True
[0m18:13:30.863768 [info ] [MainThread]:   s3_stage_vpce_dns_name: None
[0m18:13:30.863984 [info ] [MainThread]:   workload_identity_provider: None
[0m18:13:30.864198 [info ] [MainThread]:   workload_identity_entra_resource: None
[0m18:13:30.864414 [info ] [MainThread]:   platform_detection_timeout_seconds: 0.0
[0m18:13:30.865431 [info ] [MainThread]: Registered adapter: snowflake=1.12.0
[0m18:13:31.254579 [debug] [MainThread]: Acquiring new snowflake connection 'debug'
[0m18:13:31.257000 [debug] [MainThread]: Using snowflake connection "debug"
[0m18:13:31.257314 [debug] [MainThread]: On debug: select 1 as id
[0m18:13:31.257540 [debug] [MainThread]: Opening a new connection, currently in state init
[0m18:13:31.263765 [debug] [MainThread]: Snowflake adapter: Error running SQL: select 1 as id
[0m18:13:31.264092 [debug] [MainThread]: Snowflake adapter: Rolling back transaction.
[0m18:13:31.264347 [info ] [MainThread]:   Connection test: [[31mERROR[0m]

[0m18:13:31.266290 [info ] [MainThread]: [31m1 check failed:[0m
[0m18:13:31.267182 [info ] [MainThread]: dbt was unable to connect to the specified database.
The database returned the following error:

  >Database Error
  251006: Password is empty

Check your database credentials and try again. For more information, visit:
https://docs.getdbt.com/docs/configure-your-profile


[0m18:13:31.268308 [debug] [MainThread]: Command `dbt debug` failed at 18:13:31.268201 after 2.04 seconds
[0m18:13:31.268617 [debug] [MainThread]: Connection 'debug' was left open.
[0m18:13:31.268832 [debug] [MainThread]: On debug: No close available on handle
[0m18:13:31.269051 [debug] [MainThread]: Sending event: {'category': 'dbt', 'action': 'invocation', 'label': 'end', 'context': [<snowplow_tracker.self_describing_json.SelfDescribingJson object at 0x00000241ADD00510>, <snowplow_tracker.self_describing_json.SelfDescribingJson object at 0x00000241ADB63650>, <snowplow_tracker.self_describing_json.SelfDescribingJson object at 0x00000241ADA4C6B0>]}
[0m18:13:31.269323 [debug] [MainThread]: Flushing usage events
[0m18:13:33.604161 [debug] [MainThread]: An error was encountered while trying to flush usage events
[0m18:14:10.321614 [debug] [MainThread]: Sending event: {'category': 'dbt', 'action': 'invocation', 'label': 'start', 'context': [<snowplow_tracker.self_describing_json.SelfDescribingJson object at 0x000001950857D550>, <snowplow_tracker.self_describing_json.SelfDescribingJson object at 0x000001950ACE7ED0>, <snowplow_tracker.self_describing_json.SelfDescribingJson object at 0x000001950ACE7750>]}


============================== 18:14:10.325866 | 5d015e40-73e0-4921-a6e1-8eacf540d288 ==============================
[0m18:14:10.325866 [info ] [MainThread]: Running with dbt=1.12.0
[0m18:14:10.327201 [debug] [MainThread]: running dbt with arguments {'version_check': 'True', 'no_print': 'None', 'maximum_seed_size_mib': '1', 'target_path': 'None', 'static_parser': 'True', 'warn_error_options': 'WarnErrorOptionsV2(error=[], warn=[], silence=[])', 'printer_width': '80', 'write_json': 'True', 'empty': 'None', 'log_cache_events': 'False', 'introspect': 'True', 'cache_selected_only': 'False', 'fail_fast': 'False', 'debug': 'False', 'log_format': 'default', 'profiles_dir': 'C:\\Users\\d.bz.kumar\\CO-Demo\\CO\\caldemo_dw', 'send_anonymous_usage_stats': 'True', 'quiet': 'False', 'warn_error': 'None', 'partial_parse': 'True', 'use_colors': 'True', 'hints_enabled': 'True', 'indirect_selection': 'eager', 'use_experimental_parser': 'False', 'invocation_command': 'dbt debug', 'log_path': 'C:\\Users\\d.bz.kumar\\CO-Demo\\CO\\caldemo_dw\\logs'}
[0m18:14:10.362700 [info ] [MainThread]: dbt version: 1.12.0
[0m18:14:10.363538 [info ] [MainThread]: python version: 3.13.12
[0m18:14:10.366062 [info ] [MainThread]: python path: C:\Users\d.bz.kumar\AppData\Local\Programs\Python\Python313\python.exe
[0m18:14:10.366618 [info ] [MainThread]: os info: Windows-11-10.0.26200-SP0
[0m18:14:11.058298 [debug] [MainThread]: Snowflake adapter: Setting snowflake.connector to ERROR (file logging only)
[0m18:14:11.058785 [debug] [MainThread]: Snowflake adapter: Setting botocore to ERROR (file logging only)
[0m18:14:11.059036 [debug] [MainThread]: Snowflake adapter: Setting boto3 to ERROR (file logging only)
[0m18:14:11.329009 [debug] [MainThread]: Snowflake adapter: Replaced underscores (_) with hyphens (-) in Snowflake account name to form a valid account URL.
[0m18:14:11.334458 [info ] [MainThread]: Using profiles dir at C:\Users\d.bz.kumar\CO-Demo\CO\caldemo_dw
[0m18:14:11.335116 [info ] [MainThread]: Using profiles.yml file at C:\Users\d.bz.kumar\CO-Demo\CO\caldemo_dw\profiles.yml
[0m18:14:11.335541 [info ] [MainThread]: Using dbt_project.yml file at C:\Users\d.bz.kumar\CO-Demo\CO\caldemo_dw\dbt_project.yml
[0m18:14:11.337064 [info ] [MainThread]: adapter type: snowflake
[0m18:14:11.337576 [info ] [MainThread]: adapter version: 1.12.0
[0m18:14:11.419351 [info ] [MainThread]: Configuration:
[0m18:14:11.420351 [info ] [MainThread]:   profiles.yml file [[32mOK found and valid[0m]
[0m18:14:11.421152 [info ] [MainThread]:   dbt_project.yml file [[32mOK found and valid[0m]
[0m18:14:11.421664 [info ] [MainThread]: Required dependencies:
[0m18:14:11.422449 [debug] [MainThread]: Executing "git --help"
[0m18:14:11.639321 [debug] [MainThread]: STDOUT: "b"usage: git [-v | --version] [-h | --help] [-C <path>] [-c <name>=<value>]\n           [--exec-path[=<path>]] [--html-path] [--man-path] [--info-path]\n           [-p | --paginate | -P | --no-pager] [--no-replace-objects] [--no-lazy-fetch]\n           [--no-optional-locks] [--no-advice] [--bare] [--git-dir=<path>]\n           [--work-tree=<path>] [--namespace=<name>] [--config-env=<name>=<envvar>]\n           <command> [<args>]\n\nThese are common Git commands used in various situations:\n\nstart a working area (see also: git help tutorial)\n   clone      Clone a repository into a new directory\n   init       Create an empty Git repository or reinitialize an existing one\n\nwork on the current change (see also: git help everyday)\n   add        Add file contents to the index\n   mv         Move or rename a file, a directory, or a symlink\n   restore    Restore working tree files\n   rm         Remove files from the working tree and from the index\n\nexamine the history and state (see also: git help revisions)\n   bisect     Use binary search to find the commit that introduced a bug\n   diff       Show changes between commits, commit and working tree, etc\n   grep       Print lines matching a pattern\n   log        Show commit logs\n   show       Show various types of objects\n   status     Show the working tree status\n\ngrow, mark and tweak your common history\n   backfill   Download missing objects in a partial clone\n   branch     List, create, or delete branches\n   commit     Record changes to the repository\n   merge      Join two or more development histories together\n   rebase     Reapply commits on top of another base tip\n   reset      Set `HEAD` or the index to a known state\n   switch     Switch branches\n   tag        Create, list, delete or verify tags\n\ncollaborate (see also: git help workflows)\n   fetch      Download objects and refs from another repository\n   pull       Fetch from and integrate with another repository or a local branch\n   push       Update remote refs along with associated objects\n\n'git help -a' and 'git help -g' list available subcommands and some\nconcept guides. See 'git help <command>' or 'git help <concept>'\nto read about a specific subcommand or concept.\nSee 'git help git' for an overview of the system.\n""
[0m18:14:11.639807 [debug] [MainThread]: STDERR: "b''"
[0m18:14:11.640100 [info ] [MainThread]:  - git [[32mOK found[0m]

[0m18:14:11.640473 [info ] [MainThread]: Connection:
[0m18:14:11.640829 [info ] [MainThread]:   account: sfsenorthamerica-tim-jones-demo
[0m18:14:11.641145 [info ] [MainThread]:   user: ADMIN
[0m18:14:11.641430 [info ] [MainThread]:   database: FACETS_DEV
[0m18:14:11.641706 [info ] [MainThread]:   warehouse: WH_XS
[0m18:14:11.641967 [info ] [MainThread]:   role: ACCOUNTADMIN
[0m18:14:11.642255 [info ] [MainThread]:   schema: SILVER
[0m18:14:11.642537 [info ] [MainThread]:   authenticator: None
[0m18:14:11.642809 [info ] [MainThread]:   oauth_client_id: None
[0m18:14:11.643201 [info ] [MainThread]:   query_tag: None
[0m18:14:11.643653 [info ] [MainThread]:   client_session_keep_alive: False
[0m18:14:11.644040 [info ] [MainThread]:   host: None
[0m18:14:11.644397 [info ] [MainThread]:   port: None
[0m18:14:11.644701 [info ] [MainThread]:   proxy_host: None
[0m18:14:11.644983 [info ] [MainThread]:   proxy_port: None
[0m18:14:11.645264 [info ] [MainThread]:   protocol: None
[0m18:14:11.645528 [info ] [MainThread]:   connect_retries: 1
[0m18:14:11.645855 [info ] [MainThread]:   connect_timeout: None
[0m18:14:11.646202 [info ] [MainThread]:   retry_on_database_errors: False
[0m18:14:11.646828 [info ] [MainThread]:   retry_all: False
[0m18:14:11.648489 [info ] [MainThread]:   insecure_mode: False
[0m18:14:11.649397 [info ] [MainThread]:   reuse_connections: True
[0m18:14:11.649881 [info ] [MainThread]:   s3_stage_vpce_dns_name: None
[0m18:14:11.650218 [info ] [MainThread]:   workload_identity_provider: None
[0m18:14:11.650521 [info ] [MainThread]:   workload_identity_entra_resource: None
[0m18:14:11.651054 [info ] [MainThread]:   platform_detection_timeout_seconds: 0.0
[0m18:14:11.651866 [info ] [MainThread]: Registered adapter: snowflake=1.12.0
[0m18:14:12.023242 [debug] [MainThread]: Acquiring new snowflake connection 'debug'
[0m18:14:12.025629 [debug] [MainThread]: Using snowflake connection "debug"
[0m18:14:12.025934 [debug] [MainThread]: On debug: select 1 as id
[0m18:14:12.026141 [debug] [MainThread]: Opening a new connection, currently in state init
[0m18:14:12.034872 [debug] [MainThread]: Snowflake adapter: Error running SQL: select 1 as id
[0m18:14:12.035187 [debug] [MainThread]: Snowflake adapter: Rolling back transaction.
[0m18:14:12.035440 [info ] [MainThread]:   Connection test: [[31mERROR[0m]

[0m18:14:12.035918 [info ] [MainThread]: [31m1 check failed:[0m
[0m18:14:12.036236 [info ] [MainThread]: dbt was unable to connect to the specified database.
The database returned the following error:

  >Database Error
  251006: Password is empty

Check your database credentials and try again. For more information, visit:
https://docs.getdbt.com/docs/configure-your-profile


[0m18:14:12.037146 [debug] [MainThread]: Command `dbt debug` failed at 18:14:12.037061 after 1.93 seconds
[0m18:14:12.037390 [debug] [MainThread]: Connection 'debug' was left open.
[0m18:14:12.037591 [debug] [MainThread]: On debug: No close available on handle
[0m18:14:12.037792 [debug] [MainThread]: Sending event: {'category': 'dbt', 'action': 'invocation', 'label': 'end', 'context': [<snowplow_tracker.self_describing_json.SelfDescribingJson object at 0x000001950C600510>, <snowplow_tracker.self_describing_json.SelfDescribingJson object at 0x000001950C467650>, <snowplow_tracker.self_describing_json.SelfDescribingJson object at 0x000001950C3486B0>]}
[0m18:14:12.038040 [debug] [MainThread]: Flushing usage events
[0m18:14:14.363545 [debug] [MainThread]: An error was encountered while trying to flush usage events
[0m18:14:34.430069 [debug] [MainThread]: Sending event: {'category': 'dbt', 'action': 'invocation', 'label': 'start', 'context': [<snowplow_tracker.self_describing_json.SelfDescribingJson object at 0x000002183477D550>, <snowplow_tracker.self_describing_json.SelfDescribingJson object at 0x0000021836EEBED0>, <snowplow_tracker.self_describing_json.SelfDescribingJson object at 0x0000021836EEB750>]}


============================== 18:14:34.435724 | 15025a4a-3366-4cdb-a9c1-15ca06ec2859 ==============================
[0m18:14:34.435724 [info ] [MainThread]: Running with dbt=1.12.0
[0m18:14:34.436301 [debug] [MainThread]: running dbt with arguments {'version_check': 'True', 'no_print': 'None', 'maximum_seed_size_mib': '1', 'warn_error_options': 'WarnErrorOptionsV2(error=[], warn=[], silence=[])', 'target_path': 'None', 'static_parser': 'True', 'printer_width': '80', 'write_json': 'True', 'empty': 'None', 'log_cache_events': 'False', 'introspect': 'True', 'cache_selected_only': 'False', 'fail_fast': 'False', 'debug': 'False', 'log_format': 'default', 'partial_parse': 'True', 'send_anonymous_usage_stats': 'True', 'quiet': 'False', 'warn_error': 'None', 'profiles_dir': 'C:\\Users\\d.bz.kumar\\CO-Demo\\CO\\caldemo_dw', 'indirect_selection': 'eager', 'hints_enabled': 'True', 'invocation_command': 'dbt debug', 'use_experimental_parser': 'False', 'use_colors': 'True', 'log_path': 'C:\\Users\\d.bz.kumar\\CO-Demo\\CO\\caldemo_dw\\logs'}
[0m18:14:34.465615 [info ] [MainThread]: dbt version: 1.12.0
[0m18:14:34.466313 [info ] [MainThread]: python version: 3.13.12
[0m18:14:34.466827 [info ] [MainThread]: python path: C:\Users\d.bz.kumar\AppData\Local\Programs\Python\Python313\python.exe
[0m18:14:34.467318 [info ] [MainThread]: os info: Windows-11-10.0.26200-SP0
[0m18:14:35.169257 [debug] [MainThread]: Snowflake adapter: Setting snowflake.connector to ERROR (file logging only)
[0m18:14:35.169686 [debug] [MainThread]: Snowflake adapter: Setting botocore to ERROR (file logging only)
[0m18:14:35.169934 [debug] [MainThread]: Snowflake adapter: Setting boto3 to ERROR (file logging only)
[0m18:14:35.371558 [debug] [MainThread]: Snowflake adapter: Replaced underscores (_) with hyphens (-) in Snowflake account name to form a valid account URL.
[0m18:14:35.374800 [info ] [MainThread]: Using profiles dir at C:\Users\d.bz.kumar\CO-Demo\CO\caldemo_dw
[0m18:14:35.375503 [info ] [MainThread]: Using profiles.yml file at C:\Users\d.bz.kumar\CO-Demo\CO\caldemo_dw\profiles.yml
[0m18:14:35.376144 [info ] [MainThread]: Using dbt_project.yml file at C:\Users\d.bz.kumar\CO-Demo\CO\caldemo_dw\dbt_project.yml
[0m18:14:35.378133 [info ] [MainThread]: adapter type: snowflake
[0m18:14:35.378731 [info ] [MainThread]: adapter version: 1.12.0
[0m18:14:35.460146 [info ] [MainThread]: Configuration:
[0m18:14:35.460883 [info ] [MainThread]:   profiles.yml file [[32mOK found and valid[0m]
[0m18:14:35.461293 [info ] [MainThread]:   dbt_project.yml file [[32mOK found and valid[0m]
[0m18:14:35.461654 [info ] [MainThread]: Required dependencies:
[0m18:14:35.461991 [debug] [MainThread]: Executing "git --help"
[0m18:14:35.682491 [debug] [MainThread]: STDOUT: "b"usage: git [-v | --version] [-h | --help] [-C <path>] [-c <name>=<value>]\n           [--exec-path[=<path>]] [--html-path] [--man-path] [--info-path]\n           [-p | --paginate | -P | --no-pager] [--no-replace-objects] [--no-lazy-fetch]\n           [--no-optional-locks] [--no-advice] [--bare] [--git-dir=<path>]\n           [--work-tree=<path>] [--namespace=<name>] [--config-env=<name>=<envvar>]\n           <command> [<args>]\n\nThese are common Git commands used in various situations:\n\nstart a working area (see also: git help tutorial)\n   clone      Clone a repository into a new directory\n   init       Create an empty Git repository or reinitialize an existing one\n\nwork on the current change (see also: git help everyday)\n   add        Add file contents to the index\n   mv         Move or rename a file, a directory, or a symlink\n   restore    Restore working tree files\n   rm         Remove files from the working tree and from the index\n\nexamine the history and state (see also: git help revisions)\n   bisect     Use binary search to find the commit that introduced a bug\n   diff       Show changes between commits, commit and working tree, etc\n   grep       Print lines matching a pattern\n   log        Show commit logs\n   show       Show various types of objects\n   status     Show the working tree status\n\ngrow, mark and tweak your common history\n   backfill   Download missing objects in a partial clone\n   branch     List, create, or delete branches\n   commit     Record changes to the repository\n   merge      Join two or more development histories together\n   rebase     Reapply commits on top of another base tip\n   reset      Set `HEAD` or the index to a known state\n   switch     Switch branches\n   tag        Create, list, delete or verify tags\n\ncollaborate (see also: git help workflows)\n   fetch      Download objects and refs from another repository\n   pull       Fetch from and integrate with another repository or a local branch\n   push       Update remote refs along with associated objects\n\n'git help -a' and 'git help -g' list available subcommands and some\nconcept guides. See 'git help <command>' or 'git help <concept>'\nto read about a specific subcommand or concept.\nSee 'git help git' for an overview of the system.\n""
[0m18:14:35.682999 [debug] [MainThread]: STDERR: "b''"
[0m18:14:35.683349 [info ] [MainThread]:  - git [[32mOK found[0m]

[0m18:14:35.683741 [info ] [MainThread]: Connection:
[0m18:14:35.684244 [info ] [MainThread]:   account: sfsenorthamerica-tim-jones-demo
[0m18:14:35.684619 [info ] [MainThread]:   user: ADMIN
[0m18:14:35.684910 [info ] [MainThread]:   database: FACETS_DEV
[0m18:14:35.685205 [info ] [MainThread]:   warehouse: WH_XS
[0m18:14:35.685481 [info ] [MainThread]:   role: ACCOUNTADMIN
[0m18:14:35.685749 [info ] [MainThread]:   schema: SILVER
[0m18:14:35.686018 [info ] [MainThread]:   authenticator: None
[0m18:14:35.686279 [info ] [MainThread]:   oauth_client_id: None
[0m18:14:35.686539 [info ] [MainThread]:   query_tag: None
[0m18:14:35.686802 [info ] [MainThread]:   client_session_keep_alive: False
[0m18:14:35.687067 [info ] [MainThread]:   host: None
[0m18:14:35.687326 [info ] [MainThread]:   port: None
[0m18:14:35.687588 [info ] [MainThread]:   proxy_host: None
[0m18:14:35.687849 [info ] [MainThread]:   proxy_port: None
[0m18:14:35.688109 [info ] [MainThread]:   protocol: None
[0m18:14:35.688366 [info ] [MainThread]:   connect_retries: 1
[0m18:14:35.688740 [info ] [MainThread]:   connect_timeout: None
[0m18:14:35.689238 [info ] [MainThread]:   retry_on_database_errors: False
[0m18:14:35.689557 [info ] [MainThread]:   retry_all: False
[0m18:14:35.689835 [info ] [MainThread]:   insecure_mode: False
[0m18:14:35.690101 [info ] [MainThread]:   reuse_connections: True
[0m18:14:35.690361 [info ] [MainThread]:   s3_stage_vpce_dns_name: None
[0m18:14:35.690619 [info ] [MainThread]:   workload_identity_provider: None
[0m18:14:35.690875 [info ] [MainThread]:   workload_identity_entra_resource: None
[0m18:14:35.691134 [info ] [MainThread]:   platform_detection_timeout_seconds: 0.0
[0m18:14:35.691705 [info ] [MainThread]: Registered adapter: snowflake=1.12.0
[0m18:14:36.118524 [debug] [MainThread]: Acquiring new snowflake connection 'debug'
[0m18:14:36.120864 [debug] [MainThread]: Using snowflake connection "debug"
[0m18:14:36.121131 [debug] [MainThread]: On debug: select 1 as id
[0m18:14:36.121328 [debug] [MainThread]: Opening a new connection, currently in state init
[0m18:14:36.128109 [debug] [MainThread]: Snowflake adapter: Error running SQL: select 1 as id
[0m18:14:36.128425 [debug] [MainThread]: Snowflake adapter: Rolling back transaction.
[0m18:14:36.128710 [info ] [MainThread]:   Connection test: [[31mERROR[0m]

[0m18:14:36.129322 [info ] [MainThread]: [31m1 check failed:[0m
[0m18:14:36.129877 [info ] [MainThread]: dbt was unable to connect to the specified database.
The database returned the following error:

  >Database Error
  251006: Password is empty

Check your database credentials and try again. For more information, visit:
https://docs.getdbt.com/docs/configure-your-profile


[0m18:14:36.132432 [debug] [MainThread]: Command `dbt debug` failed at 18:14:36.132269 after 1.96 seconds
[0m18:14:36.132820 [debug] [MainThread]: Connection 'debug' was left open.
[0m18:14:36.133044 [debug] [MainThread]: On debug: No close available on handle
[0m18:14:36.133275 [debug] [MainThread]: Sending event: {'category': 'dbt', 'action': 'invocation', 'label': 'end', 'context': [<snowplow_tracker.self_describing_json.SelfDescribingJson object at 0x00000218387E0510>, <snowplow_tracker.self_describing_json.SelfDescribingJson object at 0x0000021838643650>, <snowplow_tracker.self_describing_json.SelfDescribingJson object at 0x000002183852C6B0>]}
[0m18:14:36.133557 [debug] [MainThread]: Flushing usage events
[0m18:14:37.009757 [debug] [MainThread]: An error was encountered while trying to flush usage events
[0m18:18:20.918632 [debug] [MainThread]: Sending event: {'category': 'dbt', 'action': 'invocation', 'label': 'start', 'context': [<snowplow_tracker.self_describing_json.SelfDescribingJson object at 0x0000023B7F70D550>, <snowplow_tracker.self_describing_json.SelfDescribingJson object at 0x0000023B02EFB890>, <snowplow_tracker.self_describing_json.SelfDescribingJson object at 0x0000023B02EFBED0>]}


============================== 18:18:20.922921 | 18c7b172-2dfc-4cb6-be58-bfcf4507efed ==============================
[0m18:18:20.922921 [info ] [MainThread]: Running with dbt=1.12.0
[0m18:18:20.923754 [debug] [MainThread]: running dbt with arguments {'maximum_seed_size_mib': '1', 'no_print': 'None', 'static_parser': 'True', 'target_path': 'None', 'version_check': 'True', 'warn_error_options': 'WarnErrorOptionsV2(error=[], warn=[], silence=[])', 'printer_width': '80', 'write_json': 'True', 'empty': 'None', 'log_cache_events': 'False', 'introspect': 'True', 'cache_selected_only': 'False', 'log_format': 'default', 'debug': 'False', 'fail_fast': 'False', 'partial_parse': 'True', 'send_anonymous_usage_stats': 'True', 'quiet': 'False', 'warn_error': 'None', 'profiles_dir': 'C:\\Users\\d.bz.kumar\\CO-Demo\\CO\\caldemo_dw', 'invocation_command': 'dbt debug', 'hints_enabled': 'True', 'indirect_selection': 'eager', 'use_experimental_parser': 'False', 'use_colors': 'True', 'log_path': 'C:\\Users\\d.bz.kumar\\CO-Demo\\CO\\caldemo_dw\\logs'}
[0m18:18:20.952663 [info ] [MainThread]: dbt version: 1.12.0
[0m18:18:20.953247 [info ] [MainThread]: python version: 3.13.12
[0m18:18:20.953656 [info ] [MainThread]: python path: C:\Users\d.bz.kumar\AppData\Local\Programs\Python\Python313\python.exe
[0m18:18:20.954013 [info ] [MainThread]: os info: Windows-11-10.0.26200-SP0
[0m18:18:21.613078 [debug] [MainThread]: Snowflake adapter: Setting snowflake.connector to ERROR (file logging only)
[0m18:18:21.613506 [debug] [MainThread]: Snowflake adapter: Setting botocore to ERROR (file logging only)
[0m18:18:21.613763 [debug] [MainThread]: Snowflake adapter: Setting boto3 to ERROR (file logging only)
[0m18:18:21.848505 [debug] [MainThread]: Snowflake adapter: Replaced underscores (_) with hyphens (-) in Snowflake account name to form a valid account URL.
[0m18:18:21.852357 [info ] [MainThread]: Using profiles dir at C:\Users\d.bz.kumar\CO-Demo\CO\caldemo_dw
[0m18:18:21.852981 [info ] [MainThread]: Using profiles.yml file at C:\Users\d.bz.kumar\CO-Demo\CO\caldemo_dw\profiles.yml
[0m18:18:21.853442 [info ] [MainThread]: Using dbt_project.yml file at C:\Users\d.bz.kumar\CO-Demo\CO\caldemo_dw\dbt_project.yml
[0m18:18:21.854997 [info ] [MainThread]: adapter type: snowflake
[0m18:18:21.855457 [info ] [MainThread]: adapter version: 1.12.0
[0m18:18:21.936891 [info ] [MainThread]: Configuration:
[0m18:18:21.937511 [info ] [MainThread]:   profiles.yml file [[32mOK found and valid[0m]
[0m18:18:21.938076 [info ] [MainThread]:   dbt_project.yml file [[32mOK found and valid[0m]
[0m18:18:21.938532 [info ] [MainThread]: Required dependencies:
[0m18:18:21.938951 [debug] [MainThread]: Executing "git --help"
[0m18:18:22.209586 [debug] [MainThread]: STDOUT: "b"usage: git [-v | --version] [-h | --help] [-C <path>] [-c <name>=<value>]\n           [--exec-path[=<path>]] [--html-path] [--man-path] [--info-path]\n           [-p | --paginate | -P | --no-pager] [--no-replace-objects] [--no-lazy-fetch]\n           [--no-optional-locks] [--no-advice] [--bare] [--git-dir=<path>]\n           [--work-tree=<path>] [--namespace=<name>] [--config-env=<name>=<envvar>]\n           <command> [<args>]\n\nThese are common Git commands used in various situations:\n\nstart a working area (see also: git help tutorial)\n   clone      Clone a repository into a new directory\n   init       Create an empty Git repository or reinitialize an existing one\n\nwork on the current change (see also: git help everyday)\n   add        Add file contents to the index\n   mv         Move or rename a file, a directory, or a symlink\n   restore    Restore working tree files\n   rm         Remove files from the working tree and from the index\n\nexamine the history and state (see also: git help revisions)\n   bisect     Use binary search to find the commit that introduced a bug\n   diff       Show changes between commits, commit and working tree, etc\n   grep       Print lines matching a pattern\n   log        Show commit logs\n   show       Show various types of objects\n   status     Show the working tree status\n\ngrow, mark and tweak your common history\n   backfill   Download missing objects in a partial clone\n   branch     List, create, or delete branches\n   commit     Record changes to the repository\n   merge      Join two or more development histories together\n   rebase     Reapply commits on top of another base tip\n   reset      Set `HEAD` or the index to a known state\n   switch     Switch branches\n   tag        Create, list, delete or verify tags\n\ncollaborate (see also: git help workflows)\n   fetch      Download objects and refs from another repository\n   pull       Fetch from and integrate with another repository or a local branch\n   push       Update remote refs along with associated objects\n\n'git help -a' and 'git help -g' list available subcommands and some\nconcept guides. See 'git help <command>' or 'git help <concept>'\nto read about a specific subcommand or concept.\nSee 'git help git' for an overview of the system.\n""
[0m18:18:22.210351 [debug] [MainThread]: STDERR: "b''"
[0m18:18:22.210765 [info ] [MainThread]:  - git [[32mOK found[0m]

[0m18:18:22.211285 [info ] [MainThread]: Connection:
[0m18:18:22.211799 [info ] [MainThread]:   account: sfsenorthamerica-tim-jones-demo
[0m18:18:22.212168 [info ] [MainThread]:   user: ADMIN
[0m18:18:22.212495 [info ] [MainThread]:   database: FACETS_DEV
[0m18:18:22.212933 [info ] [MainThread]:   warehouse: WH_XS
[0m18:18:22.213391 [info ] [MainThread]:   role: ACCOUNTADMIN
[0m18:18:22.213812 [info ] [MainThread]:   schema: SILVER
[0m18:18:22.214161 [info ] [MainThread]:   authenticator: None
[0m18:18:22.214489 [info ] [MainThread]:   oauth_client_id: None
[0m18:18:22.214789 [info ] [MainThread]:   query_tag: None
[0m18:18:22.215075 [info ] [MainThread]:   client_session_keep_alive: False
[0m18:18:22.215360 [info ] [MainThread]:   host: None
[0m18:18:22.215671 [info ] [MainThread]:   port: None
[0m18:18:22.215995 [info ] [MainThread]:   proxy_host: None
[0m18:18:22.216479 [info ] [MainThread]:   proxy_port: None
[0m18:18:22.216815 [info ] [MainThread]:   protocol: None
[0m18:18:22.217098 [info ] [MainThread]:   connect_retries: 1
[0m18:18:22.217369 [info ] [MainThread]:   connect_timeout: None
[0m18:18:22.217639 [info ] [MainThread]:   retry_on_database_errors: False
[0m18:18:22.217962 [info ] [MainThread]:   retry_all: False
[0m18:18:22.218248 [info ] [MainThread]:   insecure_mode: False
[0m18:18:22.218516 [info ] [MainThread]:   reuse_connections: True
[0m18:18:22.218781 [info ] [MainThread]:   s3_stage_vpce_dns_name: None
[0m18:18:22.219045 [info ] [MainThread]:   workload_identity_provider: None
[0m18:18:22.219316 [info ] [MainThread]:   workload_identity_entra_resource: None
[0m18:18:22.219583 [info ] [MainThread]:   platform_detection_timeout_seconds: 0.0
[0m18:18:22.220184 [info ] [MainThread]: Registered adapter: snowflake=1.12.0
[0m18:18:22.630311 [debug] [MainThread]: Acquiring new snowflake connection 'debug'
[0m18:18:22.632912 [debug] [MainThread]: Using snowflake connection "debug"
[0m18:18:22.633266 [debug] [MainThread]: On debug: select 1 as id
[0m18:18:22.633547 [debug] [MainThread]: Opening a new connection, currently in state init
[0m18:18:22.640482 [debug] [MainThread]: Snowflake adapter: Error running SQL: select 1 as id
[0m18:18:22.640903 [debug] [MainThread]: Snowflake adapter: Rolling back transaction.
[0m18:18:22.641233 [info ] [MainThread]:   Connection test: [[31mERROR[0m]

[0m18:18:22.644607 [info ] [MainThread]: [31m1 check failed:[0m
[0m18:18:22.645376 [info ] [MainThread]: dbt was unable to connect to the specified database.
The database returned the following error:

  >Database Error
  251006: Password is empty

Check your database credentials and try again. For more information, visit:
https://docs.getdbt.com/docs/configure-your-profile


[0m18:18:22.646628 [debug] [MainThread]: Command `dbt debug` failed at 18:18:22.646501 after 2.38 seconds
[0m18:18:22.647001 [debug] [MainThread]: Connection 'debug' was left open.
[0m18:18:22.647281 [debug] [MainThread]: On debug: No close available on handle
[0m18:18:22.647578 [debug] [MainThread]: Sending event: {'category': 'dbt', 'action': 'invocation', 'label': 'end', 'context': [<snowplow_tracker.self_describing_json.SelfDescribingJson object at 0x0000023B04A40510>, <snowplow_tracker.self_describing_json.SelfDescribingJson object at 0x0000023B048A3650>, <snowplow_tracker.self_describing_json.SelfDescribingJson object at 0x0000023B047886B0>]}
[0m18:18:22.647906 [debug] [MainThread]: Flushing usage events
[0m18:18:23.461254 [debug] [MainThread]: An error was encountered while trying to flush usage events
[0m18:19:31.595829 [debug] [MainThread]: Sending event: {'category': 'dbt', 'action': 'invocation', 'label': 'start', 'context': [<snowplow_tracker.self_describing_json.SelfDescribingJson object at 0x000002489466D550>, <snowplow_tracker.self_describing_json.SelfDescribingJson object at 0x0000024896DEBED0>, <snowplow_tracker.self_describing_json.SelfDescribingJson object at 0x0000024896DEB750>]}


============================== 18:19:31.599882 | 98183112-a73e-4497-8a7e-ac8d26a3787e ==============================
[0m18:19:31.599882 [info ] [MainThread]: Running with dbt=1.12.0
[0m18:19:31.600504 [debug] [MainThread]: running dbt with arguments {'static_parser': 'True', 'no_print': 'None', 'version_check': 'True', 'target_path': 'None', 'warn_error_options': 'WarnErrorOptionsV2(error=[], warn=[], silence=[])', 'maximum_seed_size_mib': '1', 'printer_width': '80', 'write_json': 'True', 'introspect': 'True', 'log_cache_events': 'False', 'empty': 'None', 'cache_selected_only': 'False', 'log_format': 'default', 'debug': 'False', 'fail_fast': 'False', 'profiles_dir': 'C:\\Users\\d.bz.kumar\\CO-Demo\\CO\\caldemo_dw', 'send_anonymous_usage_stats': 'True', 'quiet': 'False', 'warn_error': 'None', 'partial_parse': 'True', 'use_colors': 'True', 'hints_enabled': 'True', 'invocation_command': 'dbt debug', 'use_experimental_parser': 'False', 'indirect_selection': 'eager', 'log_path': 'C:\\Users\\d.bz.kumar\\CO-Demo\\CO\\caldemo_dw\\logs'}
[0m18:19:31.627483 [info ] [MainThread]: dbt version: 1.12.0
[0m18:19:31.627895 [info ] [MainThread]: python version: 3.13.12
[0m18:19:31.628223 [info ] [MainThread]: python path: C:\Users\d.bz.kumar\AppData\Local\Programs\Python\Python313\python.exe
[0m18:19:31.628608 [info ] [MainThread]: os info: Windows-11-10.0.26200-SP0
[0m18:19:32.611370 [debug] [MainThread]: Snowflake adapter: Setting snowflake.connector to ERROR (file logging only)
[0m18:19:32.611764 [debug] [MainThread]: Snowflake adapter: Setting botocore to ERROR (file logging only)
[0m18:19:32.611984 [debug] [MainThread]: Snowflake adapter: Setting boto3 to ERROR (file logging only)
[0m18:19:32.827884 [debug] [MainThread]: Snowflake adapter: Replaced underscores (_) with hyphens (-) in Snowflake account name to form a valid account URL.
[0m18:19:32.831232 [info ] [MainThread]: Using profiles dir at C:\Users\d.bz.kumar\CO-Demo\CO\caldemo_dw
[0m18:19:32.831800 [info ] [MainThread]: Using profiles.yml file at C:\Users\d.bz.kumar\CO-Demo\CO\caldemo_dw\profiles.yml
[0m18:19:32.832255 [info ] [MainThread]: Using dbt_project.yml file at C:\Users\d.bz.kumar\CO-Demo\CO\caldemo_dw\dbt_project.yml
[0m18:19:32.833818 [info ] [MainThread]: adapter type: snowflake
[0m18:19:32.834248 [info ] [MainThread]: adapter version: 1.12.0
[0m18:19:32.918894 [info ] [MainThread]: Configuration:
[0m18:19:32.921260 [info ] [MainThread]:   profiles.yml file [[32mOK found and valid[0m]
[0m18:19:32.926607 [info ] [MainThread]:   dbt_project.yml file [[32mOK found and valid[0m]
[0m18:19:32.931650 [info ] [MainThread]: Required dependencies:
[0m18:19:32.933401 [debug] [MainThread]: Executing "git --help"
[0m18:19:33.333520 [debug] [MainThread]: STDOUT: "b"usage: git [-v | --version] [-h | --help] [-C <path>] [-c <name>=<value>]\n           [--exec-path[=<path>]] [--html-path] [--man-path] [--info-path]\n           [-p | --paginate | -P | --no-pager] [--no-replace-objects] [--no-lazy-fetch]\n           [--no-optional-locks] [--no-advice] [--bare] [--git-dir=<path>]\n           [--work-tree=<path>] [--namespace=<name>] [--config-env=<name>=<envvar>]\n           <command> [<args>]\n\nThese are common Git commands used in various situations:\n\nstart a working area (see also: git help tutorial)\n   clone      Clone a repository into a new directory\n   init       Create an empty Git repository or reinitialize an existing one\n\nwork on the current change (see also: git help everyday)\n   add        Add file contents to the index\n   mv         Move or rename a file, a directory, or a symlink\n   restore    Restore working tree files\n   rm         Remove files from the working tree and from the index\n\nexamine the history and state (see also: git help revisions)\n   bisect     Use binary search to find the commit that introduced a bug\n   diff       Show changes between commits, commit and working tree, etc\n   grep       Print lines matching a pattern\n   log        Show commit logs\n   show       Show various types of objects\n   status     Show the working tree status\n\ngrow, mark and tweak your common history\n   backfill   Download missing objects in a partial clone\n   branch     List, create, or delete branches\n   commit     Record changes to the repository\n   merge      Join two or more development histories together\n   rebase     Reapply commits on top of another base tip\n   reset      Set `HEAD` or the index to a known state\n   switch     Switch branches\n   tag        Create, list, delete or verify tags\n\ncollaborate (see also: git help workflows)\n   fetch      Download objects and refs from another repository\n   pull       Fetch from and integrate with another repository or a local branch\n   push       Update remote refs along with associated objects\n\n'git help -a' and 'git help -g' list available subcommands and some\nconcept guides. See 'git help <command>' or 'git help <concept>'\nto read about a specific subcommand or concept.\nSee 'git help git' for an overview of the system.\n""
[0m18:19:33.334012 [debug] [MainThread]: STDERR: "b''"
[0m18:19:33.334381 [info ] [MainThread]:  - git [[32mOK found[0m]

[0m18:19:33.335564 [info ] [MainThread]: Connection:
[0m18:19:33.336973 [info ] [MainThread]:   account: sfsenorthamerica-tim-jones-demo
[0m18:19:33.339060 [info ] [MainThread]:   user: ADMIN
[0m18:19:33.343047 [info ] [MainThread]:   database: FACETS_DEV
[0m18:19:33.344387 [info ] [MainThread]:   warehouse: WH_XS
[0m18:19:33.346283 [info ] [MainThread]:   role: ACCOUNTADMIN
[0m18:19:33.347090 [info ] [MainThread]:   schema: SILVER
[0m18:19:33.347624 [info ] [MainThread]:   authenticator: None
[0m18:19:33.348796 [info ] [MainThread]:   oauth_client_id: None
[0m18:19:33.349907 [info ] [MainThread]:   query_tag: None
[0m18:19:33.350899 [info ] [MainThread]:   client_session_keep_alive: False
[0m18:19:33.352528 [info ] [MainThread]:   host: None
[0m18:19:33.353873 [info ] [MainThread]:   port: None
[0m18:19:33.355064 [info ] [MainThread]:   proxy_host: None
[0m18:19:33.355987 [info ] [MainThread]:   proxy_port: None
[0m18:19:33.356679 [info ] [MainThread]:   protocol: None
[0m18:19:33.359169 [info ] [MainThread]:   connect_retries: 1
[0m18:19:33.359969 [info ] [MainThread]:   connect_timeout: None
[0m18:19:33.360813 [info ] [MainThread]:   retry_on_database_errors: False
[0m18:19:33.361315 [info ] [MainThread]:   retry_all: False
[0m18:19:33.361984 [info ] [MainThread]:   insecure_mode: False
[0m18:19:33.362542 [info ] [MainThread]:   reuse_connections: True
[0m18:19:33.363108 [info ] [MainThread]:   s3_stage_vpce_dns_name: None
[0m18:19:33.363695 [info ] [MainThread]:   workload_identity_provider: None
[0m18:19:33.364318 [info ] [MainThread]:   workload_identity_entra_resource: None
[0m18:19:33.365301 [info ] [MainThread]:   platform_detection_timeout_seconds: 0.0
[0m18:19:33.366176 [info ] [MainThread]: Registered adapter: snowflake=1.12.0
[0m18:19:33.796301 [debug] [MainThread]: Acquiring new snowflake connection 'debug'
[0m18:19:33.799297 [debug] [MainThread]: Using snowflake connection "debug"
[0m18:19:33.799667 [debug] [MainThread]: On debug: select 1 as id
[0m18:19:33.799901 [debug] [MainThread]: Opening a new connection, currently in state init
[0m18:19:33.808218 [debug] [MainThread]: Snowflake adapter: Error running SQL: select 1 as id
[0m18:19:33.809198 [debug] [MainThread]: Snowflake adapter: Rolling back transaction.
[0m18:19:33.809583 [info ] [MainThread]:   Connection test: [[31mERROR[0m]

[0m18:19:33.810104 [info ] [MainThread]: [31m1 check failed:[0m
[0m18:19:33.810649 [info ] [MainThread]: dbt was unable to connect to the specified database.
The database returned the following error:

  >Database Error
  251006: Password is empty

Check your database credentials and try again. For more information, visit:
https://docs.getdbt.com/docs/configure-your-profile


[0m18:19:33.811835 [debug] [MainThread]: Command `dbt debug` failed at 18:19:33.811718 after 2.42 seconds
[0m18:19:33.812136 [debug] [MainThread]: Connection 'debug' was left open.
[0m18:19:33.812361 [debug] [MainThread]: On debug: No close available on handle
[0m18:19:33.812627 [debug] [MainThread]: Sending event: {'category': 'dbt', 'action': 'invocation', 'label': 'end', 'context': [<snowplow_tracker.self_describing_json.SelfDescribingJson object at 0x0000024898760510>, <snowplow_tracker.self_describing_json.SelfDescribingJson object at 0x00000248985C3650>, <snowplow_tracker.self_describing_json.SelfDescribingJson object at 0x00000248984A86B0>]}
[0m18:19:33.812958 [debug] [MainThread]: Flushing usage events
[0m18:19:34.627029 [debug] [MainThread]: An error was encountered while trying to flush usage events
[0m18:22:06.713959 [debug] [MainThread]: Sending event: {'category': 'dbt', 'action': 'invocation', 'label': 'start', 'context': [<snowplow_tracker.self_describing_json.SelfDescribingJson object at 0x000001FDFF09D550>, <snowplow_tracker.self_describing_json.SelfDescribingJson object at 0x000001FD8182BED0>, <snowplow_tracker.self_describing_json.SelfDescribingJson object at 0x000001FD8182B750>]}


============================== 18:22:06.718151 | 2cac9f90-1c99-448a-abd6-3c64a5c0741a ==============================
[0m18:22:06.718151 [info ] [MainThread]: Running with dbt=1.12.0
[0m18:22:06.718683 [debug] [MainThread]: running dbt with arguments {'static_parser': 'True', 'no_print': 'None', 'version_check': 'True', 'warn_error_options': 'WarnErrorOptionsV2(error=[], warn=[], silence=[])', 'target_path': 'None', 'maximum_seed_size_mib': '1', 'printer_width': '80', 'write_json': 'True', 'empty': 'None', 'log_cache_events': 'False', 'introspect': 'True', 'cache_selected_only': 'False', 'log_format': 'default', 'debug': 'False', 'fail_fast': 'False', 'profiles_dir': 'C:\\Users\\d.bz.kumar\\CO-Demo\\CO\\caldemo_dw', 'send_anonymous_usage_stats': 'True', 'quiet': 'False', 'warn_error': 'None', 'partial_parse': 'True', 'use_colors': 'True', 'hints_enabled': 'True', 'invocation_command': 'dbt debug', 'use_experimental_parser': 'False', 'indirect_selection': 'eager', 'log_path': 'C:\\Users\\d.bz.kumar\\CO-Demo\\CO\\caldemo_dw\\logs'}
[0m18:22:06.748450 [info ] [MainThread]: dbt version: 1.12.0
[0m18:22:06.749028 [info ] [MainThread]: python version: 3.13.12
[0m18:22:06.749437 [info ] [MainThread]: python path: C:\Users\d.bz.kumar\AppData\Local\Programs\Python\Python313\python.exe
[0m18:22:06.749812 [info ] [MainThread]: os info: Windows-11-10.0.26200-SP0
[0m18:22:07.617373 [debug] [MainThread]: Snowflake adapter: Setting snowflake.connector to ERROR (file logging only)
[0m18:22:07.617846 [debug] [MainThread]: Snowflake adapter: Setting botocore to ERROR (file logging only)
[0m18:22:07.618101 [debug] [MainThread]: Snowflake adapter: Setting boto3 to ERROR (file logging only)
[0m18:22:07.833904 [debug] [MainThread]: Snowflake adapter: Replaced underscores (_) with hyphens (-) in Snowflake account name to form a valid account URL.
[0m18:22:07.839603 [info ] [MainThread]: Using profiles dir at C:\Users\d.bz.kumar\CO-Demo\CO\caldemo_dw
[0m18:22:07.840269 [info ] [MainThread]: Using profiles.yml file at C:\Users\d.bz.kumar\CO-Demo\CO\caldemo_dw\profiles.yml
[0m18:22:07.840803 [info ] [MainThread]: Using dbt_project.yml file at C:\Users\d.bz.kumar\CO-Demo\CO\caldemo_dw\dbt_project.yml
[0m18:22:07.842493 [info ] [MainThread]: adapter type: snowflake
[0m18:22:07.842947 [info ] [MainThread]: adapter version: 1.12.0
[0m18:22:07.936343 [info ] [MainThread]: Configuration:
[0m18:22:07.939465 [info ] [MainThread]:   profiles.yml file [[32mOK found and valid[0m]
[0m18:22:07.940571 [info ] [MainThread]:   dbt_project.yml file [[32mOK found and valid[0m]
[0m18:22:07.941467 [info ] [MainThread]: Required dependencies:
[0m18:22:07.942095 [debug] [MainThread]: Executing "git --help"
[0m18:22:08.322179 [debug] [MainThread]: STDOUT: "b"usage: git [-v | --version] [-h | --help] [-C <path>] [-c <name>=<value>]\n           [--exec-path[=<path>]] [--html-path] [--man-path] [--info-path]\n           [-p | --paginate | -P | --no-pager] [--no-replace-objects] [--no-lazy-fetch]\n           [--no-optional-locks] [--no-advice] [--bare] [--git-dir=<path>]\n           [--work-tree=<path>] [--namespace=<name>] [--config-env=<name>=<envvar>]\n           <command> [<args>]\n\nThese are common Git commands used in various situations:\n\nstart a working area (see also: git help tutorial)\n   clone      Clone a repository into a new directory\n   init       Create an empty Git repository or reinitialize an existing one\n\nwork on the current change (see also: git help everyday)\n   add        Add file contents to the index\n   mv         Move or rename a file, a directory, or a symlink\n   restore    Restore working tree files\n   rm         Remove files from the working tree and from the index\n\nexamine the history and state (see also: git help revisions)\n   bisect     Use binary search to find the commit that introduced a bug\n   diff       Show changes between commits, commit and working tree, etc\n   grep       Print lines matching a pattern\n   log        Show commit logs\n   show       Show various types of objects\n   status     Show the working tree status\n\ngrow, mark and tweak your common history\n   backfill   Download missing objects in a partial clone\n   branch     List, create, or delete branches\n   commit     Record changes to the repository\n   merge      Join two or more development histories together\n   rebase     Reapply commits on top of another base tip\n   reset      Set `HEAD` or the index to a known state\n   switch     Switch branches\n   tag        Create, list, delete or verify tags\n\ncollaborate (see also: git help workflows)\n   fetch      Download objects and refs from another repository\n   pull       Fetch from and integrate with another repository or a local branch\n   push       Update remote refs along with associated objects\n\n'git help -a' and 'git help -g' list available subcommands and some\nconcept guides. See 'git help <command>' or 'git help <concept>'\nto read about a specific subcommand or concept.\nSee 'git help git' for an overview of the system.\n""
[0m18:22:08.322881 [debug] [MainThread]: STDERR: "b''"
[0m18:22:08.323291 [info ] [MainThread]:  - git [[32mOK found[0m]

[0m18:22:08.323832 [info ] [MainThread]: Connection:
[0m18:22:08.324268 [info ] [MainThread]:   account: sfsenorthamerica-tim-jones-demo
[0m18:22:08.324600 [info ] [MainThread]:   user: ADMIN
[0m18:22:08.324910 [info ] [MainThread]:   database: FACETS_DEV
[0m18:22:08.325216 [info ] [MainThread]:   warehouse: WH_XS
[0m18:22:08.325507 [info ] [MainThread]:   role: ACCOUNTADMIN
[0m18:22:08.325791 [info ] [MainThread]:   schema: SILVER
[0m18:22:08.326071 [info ] [MainThread]:   authenticator: None
[0m18:22:08.326347 [info ] [MainThread]:   oauth_client_id: None
[0m18:22:08.326617 [info ] [MainThread]:   query_tag: None
[0m18:22:08.326894 [info ] [MainThread]:   client_session_keep_alive: False
[0m18:22:08.327170 [info ] [MainThread]:   host: None
[0m18:22:08.327441 [info ] [MainThread]:   port: None
[0m18:22:08.327704 [info ] [MainThread]:   proxy_host: None
[0m18:22:08.327968 [info ] [MainThread]:   proxy_port: None
[0m18:22:08.328235 [info ] [MainThread]:   protocol: None
[0m18:22:08.328493 [info ] [MainThread]:   connect_retries: 1
[0m18:22:08.328756 [info ] [MainThread]:   connect_timeout: None
[0m18:22:08.329199 [info ] [MainThread]:   retry_on_database_errors: False
[0m18:22:08.329695 [info ] [MainThread]:   retry_all: False
[0m18:22:08.330130 [info ] [MainThread]:   insecure_mode: False
[0m18:22:08.330585 [info ] [MainThread]:   reuse_connections: True
[0m18:22:08.331010 [info ] [MainThread]:   s3_stage_vpce_dns_name: None
[0m18:22:08.331358 [info ] [MainThread]:   workload_identity_provider: None
[0m18:22:08.331656 [info ] [MainThread]:   workload_identity_entra_resource: None
[0m18:22:08.331949 [info ] [MainThread]:   platform_detection_timeout_seconds: 0.0
[0m18:22:08.332539 [info ] [MainThread]: Registered adapter: snowflake=1.12.0
[0m18:22:08.777939 [debug] [MainThread]: Acquiring new snowflake connection 'debug'
[0m18:22:08.780264 [debug] [MainThread]: Using snowflake connection "debug"
[0m18:22:08.780556 [debug] [MainThread]: On debug: select 1 as id
[0m18:22:08.780775 [debug] [MainThread]: Opening a new connection, currently in state init
[0m18:22:08.790367 [debug] [MainThread]: Snowflake adapter: Error running SQL: select 1 as id
[0m18:22:08.790856 [debug] [MainThread]: Snowflake adapter: Rolling back transaction.
[0m18:22:08.791187 [info ] [MainThread]:   Connection test: [[31mERROR[0m]

[0m18:22:08.791585 [info ] [MainThread]: [31m1 check failed:[0m
[0m18:22:08.791984 [info ] [MainThread]: dbt was unable to connect to the specified database.
The database returned the following error:

  >Database Error
  251006: Password is empty

Check your database credentials and try again. For more information, visit:
https://docs.getdbt.com/docs/configure-your-profile


[0m18:22:08.793280 [debug] [MainThread]: Command `dbt debug` failed at 18:22:08.793150 after 2.32 seconds
[0m18:22:08.793640 [debug] [MainThread]: Connection 'debug' was left open.
[0m18:22:08.793933 [debug] [MainThread]: On debug: No close available on handle
[0m18:22:08.794224 [debug] [MainThread]: Sending event: {'category': 'dbt', 'action': 'invocation', 'label': 'end', 'context': [<snowplow_tracker.self_describing_json.SelfDescribingJson object at 0x000001FD83260510>, <snowplow_tracker.self_describing_json.SelfDescribingJson object at 0x000001FD830C7650>, <snowplow_tracker.self_describing_json.SelfDescribingJson object at 0x000001FD82FA86B0>]}
[0m18:22:08.794681 [debug] [MainThread]: Flushing usage events
[0m18:22:09.607089 [debug] [MainThread]: An error was encountered while trying to flush usage events
[0m18:23:41.136228 [debug] [MainThread]: Sending event: {'category': 'dbt', 'action': 'invocation', 'label': 'start', 'context': [<snowplow_tracker.self_describing_json.SelfDescribingJson object at 0x000002B58C55D550>, <snowplow_tracker.self_describing_json.SelfDescribingJson object at 0x000002B58ECCBED0>, <snowplow_tracker.self_describing_json.SelfDescribingJson object at 0x000002B58ECCB750>]}


============================== 18:23:41.141143 | 45792f90-9111-4547-aa47-23844cdce974 ==============================
[0m18:23:41.141143 [info ] [MainThread]: Running with dbt=1.12.0
[0m18:23:41.141641 [debug] [MainThread]: running dbt with arguments {'version_check': 'True', 'no_print': 'None', 'maximum_seed_size_mib': '1', 'target_path': 'None', 'static_parser': 'True', 'warn_error_options': 'WarnErrorOptionsV2(error=[], warn=[], silence=[])', 'printer_width': '80', 'write_json': 'True', 'introspect': 'True', 'log_cache_events': 'False', 'empty': 'None', 'cache_selected_only': 'False', 'log_format': 'default', 'debug': 'False', 'fail_fast': 'False', 'profiles_dir': 'C:\\Users\\d.bz.kumar\\CO-Demo\\CO\\caldemo_dw', 'send_anonymous_usage_stats': 'True', 'quiet': 'False', 'warn_error': 'None', 'partial_parse': 'True', 'invocation_command': 'dbt debug', 'hints_enabled': 'True', 'use_colors': 'True', 'use_experimental_parser': 'False', 'indirect_selection': 'eager', 'log_path': 'C:\\Users\\d.bz.kumar\\CO-Demo\\CO\\caldemo_dw\\logs'}
[0m18:23:41.169698 [info ] [MainThread]: dbt version: 1.12.0
[0m18:23:41.170554 [info ] [MainThread]: python version: 3.13.12
[0m18:23:41.170982 [info ] [MainThread]: python path: C:\Users\d.bz.kumar\AppData\Local\Programs\Python\Python313\python.exe
[0m18:23:41.171304 [info ] [MainThread]: os info: Windows-11-10.0.26200-SP0
[0m18:23:42.193797 [debug] [MainThread]: Snowflake adapter: Setting snowflake.connector to ERROR (file logging only)
[0m18:23:42.194263 [debug] [MainThread]: Snowflake adapter: Setting botocore to ERROR (file logging only)
[0m18:23:42.194537 [debug] [MainThread]: Snowflake adapter: Setting boto3 to ERROR (file logging only)
[0m18:23:42.498987 [debug] [MainThread]: Snowflake adapter: Replaced underscores (_) with hyphens (-) in Snowflake account name to form a valid account URL.
[0m18:23:42.504037 [info ] [MainThread]: Using profiles dir at C:\Users\d.bz.kumar\CO-Demo\CO\caldemo_dw
[0m18:23:42.504844 [info ] [MainThread]: Using profiles.yml file at C:\Users\d.bz.kumar\CO-Demo\CO\caldemo_dw\profiles.yml
[0m18:23:42.505349 [info ] [MainThread]: Using dbt_project.yml file at C:\Users\d.bz.kumar\CO-Demo\CO\caldemo_dw\dbt_project.yml
[0m18:23:42.506944 [info ] [MainThread]: adapter type: snowflake
[0m18:23:42.507398 [info ] [MainThread]: adapter version: 1.12.0
[0m18:23:42.579703 [info ] [MainThread]: Configuration:
[0m18:23:42.580346 [info ] [MainThread]:   profiles.yml file [[32mOK found and valid[0m]
[0m18:23:42.580814 [info ] [MainThread]:   dbt_project.yml file [[32mOK found and valid[0m]
[0m18:23:42.581212 [info ] [MainThread]: Required dependencies:
[0m18:23:42.581625 [debug] [MainThread]: Executing "git --help"
[0m18:23:43.016866 [debug] [MainThread]: STDOUT: "b"usage: git [-v | --version] [-h | --help] [-C <path>] [-c <name>=<value>]\n           [--exec-path[=<path>]] [--html-path] [--man-path] [--info-path]\n           [-p | --paginate | -P | --no-pager] [--no-replace-objects] [--no-lazy-fetch]\n           [--no-optional-locks] [--no-advice] [--bare] [--git-dir=<path>]\n           [--work-tree=<path>] [--namespace=<name>] [--config-env=<name>=<envvar>]\n           <command> [<args>]\n\nThese are common Git commands used in various situations:\n\nstart a working area (see also: git help tutorial)\n   clone      Clone a repository into a new directory\n   init       Create an empty Git repository or reinitialize an existing one\n\nwork on the current change (see also: git help everyday)\n   add        Add file contents to the index\n   mv         Move or rename a file, a directory, or a symlink\n   restore    Restore working tree files\n   rm         Remove files from the working tree and from the index\n\nexamine the history and state (see also: git help revisions)\n   bisect     Use binary search to find the commit that introduced a bug\n   diff       Show changes between commits, commit and working tree, etc\n   grep       Print lines matching a pattern\n   log        Show commit logs\n   show       Show various types of objects\n   status     Show the working tree status\n\ngrow, mark and tweak your common history\n   backfill   Download missing objects in a partial clone\n   branch     List, create, or delete branches\n   commit     Record changes to the repository\n   merge      Join two or more development histories together\n   rebase     Reapply commits on top of another base tip\n   reset      Set `HEAD` or the index to a known state\n   switch     Switch branches\n   tag        Create, list, delete or verify tags\n\ncollaborate (see also: git help workflows)\n   fetch      Download objects and refs from another repository\n   pull       Fetch from and integrate with another repository or a local branch\n   push       Update remote refs along with associated objects\n\n'git help -a' and 'git help -g' list available subcommands and some\nconcept guides. See 'git help <command>' or 'git help <concept>'\nto read about a specific subcommand or concept.\nSee 'git help git' for an overview of the system.\n""
[0m18:23:43.017467 [debug] [MainThread]: STDERR: "b''"
[0m18:23:43.017862 [info ] [MainThread]:  - git [[32mOK found[0m]

[0m18:23:43.020687 [info ] [MainThread]: Connection:
[0m18:23:43.021409 [info ] [MainThread]:   account: sfsenorthamerica-tim-jones-demo
[0m18:23:43.022454 [info ] [MainThread]:   user: ADMIN
[0m18:23:43.022893 [info ] [MainThread]:   database: FACETS_DEV
[0m18:23:43.023306 [info ] [MainThread]:   warehouse: WH_XS
[0m18:23:43.023640 [info ] [MainThread]:   role: ACCOUNTADMIN
[0m18:23:43.023936 [info ] [MainThread]:   schema: SILVER
[0m18:23:43.024331 [info ] [MainThread]:   authenticator: None
[0m18:23:43.025111 [info ] [MainThread]:   oauth_client_id: None
[0m18:23:43.027016 [info ] [MainThread]:   query_tag: None
[0m18:23:43.027555 [info ] [MainThread]:   client_session_keep_alive: False
[0m18:23:43.027923 [info ] [MainThread]:   host: None
[0m18:23:43.028211 [info ] [MainThread]:   port: None
[0m18:23:43.028478 [info ] [MainThread]:   proxy_host: None
[0m18:23:43.028750 [info ] [MainThread]:   proxy_port: None
[0m18:23:43.029020 [info ] [MainThread]:   protocol: None
[0m18:23:43.029281 [info ] [MainThread]:   connect_retries: 1
[0m18:23:43.029708 [info ] [MainThread]:   connect_timeout: None
[0m18:23:43.030050 [info ] [MainThread]:   retry_on_database_errors: False
[0m18:23:43.030337 [info ] [MainThread]:   retry_all: False
[0m18:23:43.030610 [info ] [MainThread]:   insecure_mode: False
[0m18:23:43.030880 [info ] [MainThread]:   reuse_connections: True
[0m18:23:43.031148 [info ] [MainThread]:   s3_stage_vpce_dns_name: None
[0m18:23:43.031490 [info ] [MainThread]:   workload_identity_provider: None
[0m18:23:43.032104 [info ] [MainThread]:   workload_identity_entra_resource: None
[0m18:23:43.032715 [info ] [MainThread]:   platform_detection_timeout_seconds: 0.0
[0m18:23:43.033680 [info ] [MainThread]: Registered adapter: snowflake=1.12.0
[0m18:23:43.476158 [debug] [MainThread]: Acquiring new snowflake connection 'debug'
[0m18:23:43.479190 [debug] [MainThread]: Using snowflake connection "debug"
[0m18:23:43.479478 [debug] [MainThread]: On debug: select 1 as id
[0m18:23:43.479740 [debug] [MainThread]: Opening a new connection, currently in state init
[0m18:23:45.715502 [debug] [MainThread]: Snowflake adapter: Error running SQL: select 1 as id
[0m18:23:45.716191 [debug] [MainThread]: Snowflake adapter: Rolling back transaction.
[0m18:23:45.716792 [info ] [MainThread]:   Connection test: [[31mERROR[0m]

[0m18:23:45.717693 [info ] [MainThread]: [31m1 check failed:[0m
[0m18:23:45.718874 [info ] [MainThread]: dbt was unable to connect to the specified database.
The database returned the following error:

  >Database Error
  390422 (08001): Failed to connect to DB: sfsenorthamerica-tim-jones-demo.snowflakecomputing.com:443. Incoming request with IP/Token 172.59.112.116 is not allowed to access Snowflake. Contact your account administrator. For more information about this error, go to https://community.snowflake.com/s/ip-xxxxxxxxxxxx-is-not-allowed-to-access. [accb897e-afe5-42ca-b6bc-55e91eac9bcb]

Check your database credentials and try again. For more information, visit:
https://docs.getdbt.com/docs/configure-your-profile


[0m18:23:45.720558 [debug] [MainThread]: Command `dbt debug` failed at 18:23:45.720425 after 4.98 seconds
[0m18:23:45.720882 [debug] [MainThread]: Connection 'debug' was left open.
[0m18:23:45.721185 [debug] [MainThread]: On debug: No close available on handle
[0m18:23:45.721452 [debug] [MainThread]: Sending event: {'category': 'dbt', 'action': 'invocation', 'label': 'end', 'context': [<snowplow_tracker.self_describing_json.SelfDescribingJson object at 0x000002B590660510>, <snowplow_tracker.self_describing_json.SelfDescribingJson object at 0x000002B59060A330>, <snowplow_tracker.self_describing_json.SelfDescribingJson object at 0x000002B5903A86B0>]}
[0m18:23:45.721761 [debug] [MainThread]: Flushing usage events
[0m18:23:46.641217 [debug] [MainThread]: An error was encountered while trying to flush usage events
[0m18:24:31.915381 [debug] [MainThread]: Sending event: {'category': 'dbt', 'action': 'invocation', 'label': 'start', 'context': [<snowplow_tracker.self_describing_json.SelfDescribingJson object at 0x0000027D1B4DD550>, <snowplow_tracker.self_describing_json.SelfDescribingJson object at 0x0000027D1DC47ED0>, <snowplow_tracker.self_describing_json.SelfDescribingJson object at 0x0000027D1DC47750>]}


============================== 18:24:31.921899 | 962d80b3-1758-434a-88af-78443c6965f2 ==============================
[0m18:24:31.921899 [info ] [MainThread]: Running with dbt=1.12.0
[0m18:24:31.922795 [debug] [MainThread]: running dbt with arguments {'maximum_seed_size_mib': '1', 'no_print': 'None', 'static_parser': 'True', 'warn_error_options': 'WarnErrorOptionsV2(error=[], warn=[], silence=[])', 'target_path': 'None', 'version_check': 'True', 'printer_width': '80', 'write_json': 'True', 'introspect': 'True', 'log_cache_events': 'False', 'empty': 'None', 'cache_selected_only': 'False', 'log_format': 'default', 'debug': 'False', 'fail_fast': 'False', 'partial_parse': 'True', 'send_anonymous_usage_stats': 'True', 'quiet': 'False', 'warn_error': 'None', 'profiles_dir': 'C:\\Users\\d.bz.kumar\\CO-Demo\\CO\\caldemo_dw', 'invocation_command': 'dbt debug', 'hints_enabled': 'True', 'indirect_selection': 'eager', 'use_experimental_parser': 'False', 'use_colors': 'True', 'log_path': 'C:\\Users\\d.bz.kumar\\CO-Demo\\CO\\caldemo_dw\\logs'}
[0m18:24:31.957362 [info ] [MainThread]: dbt version: 1.12.0
[0m18:24:31.958055 [info ] [MainThread]: python version: 3.13.12
[0m18:24:31.959365 [info ] [MainThread]: python path: C:\Users\d.bz.kumar\AppData\Local\Programs\Python\Python313\python.exe
[0m18:24:31.959816 [info ] [MainThread]: os info: Windows-11-10.0.26200-SP0
[0m18:24:32.798952 [debug] [MainThread]: Snowflake adapter: Setting snowflake.connector to ERROR (file logging only)
[0m18:24:32.799390 [debug] [MainThread]: Snowflake adapter: Setting botocore to ERROR (file logging only)
[0m18:24:32.799641 [debug] [MainThread]: Snowflake adapter: Setting boto3 to ERROR (file logging only)
[0m18:24:33.059050 [debug] [MainThread]: Snowflake adapter: Replaced underscores (_) with hyphens (-) in Snowflake account name to form a valid account URL.
[0m18:24:33.062465 [info ] [MainThread]: Using profiles dir at C:\Users\d.bz.kumar\CO-Demo\CO\caldemo_dw
[0m18:24:33.062916 [info ] [MainThread]: Using profiles.yml file at C:\Users\d.bz.kumar\CO-Demo\CO\caldemo_dw\profiles.yml
[0m18:24:33.063277 [info ] [MainThread]: Using dbt_project.yml file at C:\Users\d.bz.kumar\CO-Demo\CO\caldemo_dw\dbt_project.yml
[0m18:24:33.064675 [info ] [MainThread]: adapter type: snowflake
[0m18:24:33.065035 [info ] [MainThread]: adapter version: 1.12.0
[0m18:24:33.146731 [info ] [MainThread]: Configuration:
[0m18:24:33.147572 [info ] [MainThread]:   profiles.yml file [[32mOK found and valid[0m]
[0m18:24:33.148023 [info ] [MainThread]:   dbt_project.yml file [[32mOK found and valid[0m]
[0m18:24:33.148394 [info ] [MainThread]: Required dependencies:
[0m18:24:33.148717 [debug] [MainThread]: Executing "git --help"
[0m18:24:33.407271 [debug] [MainThread]: STDOUT: "b"usage: git [-v | --version] [-h | --help] [-C <path>] [-c <name>=<value>]\n           [--exec-path[=<path>]] [--html-path] [--man-path] [--info-path]\n           [-p | --paginate | -P | --no-pager] [--no-replace-objects] [--no-lazy-fetch]\n           [--no-optional-locks] [--no-advice] [--bare] [--git-dir=<path>]\n           [--work-tree=<path>] [--namespace=<name>] [--config-env=<name>=<envvar>]\n           <command> [<args>]\n\nThese are common Git commands used in various situations:\n\nstart a working area (see also: git help tutorial)\n   clone      Clone a repository into a new directory\n   init       Create an empty Git repository or reinitialize an existing one\n\nwork on the current change (see also: git help everyday)\n   add        Add file contents to the index\n   mv         Move or rename a file, a directory, or a symlink\n   restore    Restore working tree files\n   rm         Remove files from the working tree and from the index\n\nexamine the history and state (see also: git help revisions)\n   bisect     Use binary search to find the commit that introduced a bug\n   diff       Show changes between commits, commit and working tree, etc\n   grep       Print lines matching a pattern\n   log        Show commit logs\n   show       Show various types of objects\n   status     Show the working tree status\n\ngrow, mark and tweak your common history\n   backfill   Download missing objects in a partial clone\n   branch     List, create, or delete branches\n   commit     Record changes to the repository\n   merge      Join two or more development histories together\n   rebase     Reapply commits on top of another base tip\n   reset      Set `HEAD` or the index to a known state\n   switch     Switch branches\n   tag        Create, list, delete or verify tags\n\ncollaborate (see also: git help workflows)\n   fetch      Download objects and refs from another repository\n   pull       Fetch from and integrate with another repository or a local branch\n   push       Update remote refs along with associated objects\n\n'git help -a' and 'git help -g' list available subcommands and some\nconcept guides. See 'git help <command>' or 'git help <concept>'\nto read about a specific subcommand or concept.\nSee 'git help git' for an overview of the system.\n""
[0m18:24:33.407773 [debug] [MainThread]: STDERR: "b''"
[0m18:24:33.408154 [info ] [MainThread]:  - git [[32mOK found[0m]

[0m18:24:33.409270 [info ] [MainThread]: Connection:
[0m18:24:33.410796 [info ] [MainThread]:   account: sfsenorthamerica-tim-jones-demo
[0m18:24:33.412095 [info ] [MainThread]:   user: ADMIN
[0m18:24:33.412613 [info ] [MainThread]:   database: FACETS_DEV
[0m18:24:33.413134 [info ] [MainThread]:   warehouse: WH_XS
[0m18:24:33.413611 [info ] [MainThread]:   role: ACCOUNTADMIN
[0m18:24:33.414052 [info ] [MainThread]:   schema: SILVER
[0m18:24:33.415115 [info ] [MainThread]:   authenticator: None
[0m18:24:33.415624 [info ] [MainThread]:   oauth_client_id: None
[0m18:24:33.416061 [info ] [MainThread]:   query_tag: None
[0m18:24:33.416494 [info ] [MainThread]:   client_session_keep_alive: False
[0m18:24:33.417062 [info ] [MainThread]:   host: None
[0m18:24:33.419247 [info ] [MainThread]:   port: None
[0m18:24:33.419857 [info ] [MainThread]:   proxy_host: None
[0m18:24:33.420523 [info ] [MainThread]:   proxy_port: None
[0m18:24:33.422348 [info ] [MainThread]:   protocol: None
[0m18:24:33.422741 [info ] [MainThread]:   connect_retries: 1
[0m18:24:33.423053 [info ] [MainThread]:   connect_timeout: None
[0m18:24:33.423358 [info ] [MainThread]:   retry_on_database_errors: False
[0m18:24:33.423640 [info ] [MainThread]:   retry_all: False
[0m18:24:33.424051 [info ] [MainThread]:   insecure_mode: False
[0m18:24:33.424585 [info ] [MainThread]:   reuse_connections: True
[0m18:24:33.425003 [info ] [MainThread]:   s3_stage_vpce_dns_name: None
[0m18:24:33.425638 [info ] [MainThread]:   workload_identity_provider: None
[0m18:24:33.426114 [info ] [MainThread]:   workload_identity_entra_resource: None
[0m18:24:33.426547 [info ] [MainThread]:   platform_detection_timeout_seconds: 0.0
[0m18:24:33.427404 [info ] [MainThread]: Registered adapter: snowflake=1.12.0
[0m18:24:33.882283 [debug] [MainThread]: Acquiring new snowflake connection 'debug'
[0m18:24:33.886534 [debug] [MainThread]: Using snowflake connection "debug"
[0m18:24:33.887009 [debug] [MainThread]: On debug: select 1 as id
[0m18:24:33.887263 [debug] [MainThread]: Opening a new connection, currently in state init
[0m18:24:34.782497 [debug] [MainThread]: Snowflake adapter: Error running SQL: select 1 as id
[0m18:24:34.782860 [debug] [MainThread]: Snowflake adapter: Rolling back transaction.
[0m18:24:34.783140 [info ] [MainThread]:   Connection test: [[31mERROR[0m]

[0m18:24:34.785144 [info ] [MainThread]: [31m1 check failed:[0m
[0m18:24:34.785718 [info ] [MainThread]: dbt was unable to connect to the specified database.
The database returned the following error:

  >Database Error
  390422 (08001): Failed to connect to DB: sfsenorthamerica-tim-jones-demo.snowflakecomputing.com:443. Incoming request with IP/Token 172.59.112.116 is not allowed to access Snowflake. Contact your account administrator. For more information about this error, go to https://community.snowflake.com/s/ip-xxxxxxxxxxxx-is-not-allowed-to-access. [f21b0256-3b59-4a5a-b9e3-839b0960db4b]

Check your database credentials and try again. For more information, visit:
https://docs.getdbt.com/docs/configure-your-profile


[0m18:24:34.786921 [debug] [MainThread]: Command `dbt debug` failed at 18:24:34.786782 after 3.26 seconds
[0m18:24:34.787305 [debug] [MainThread]: Connection 'debug' was left open.
[0m18:24:34.787586 [debug] [MainThread]: On debug: No close available on handle
[0m18:24:34.787862 [debug] [MainThread]: Sending event: {'category': 'dbt', 'action': 'invocation', 'label': 'end', 'context': [<snowplow_tracker.self_describing_json.SelfDescribingJson object at 0x0000027D1F540510>, <snowplow_tracker.self_describing_json.SelfDescribingJson object at 0x0000027D1F4EA330>, <snowplow_tracker.self_describing_json.SelfDescribingJson object at 0x0000027D1F2886B0>]}
[0m18:24:34.788197 [debug] [MainThread]: Flushing usage events
[0m18:24:35.727382 [debug] [MainThread]: An error was encountered while trying to flush usage events
[0m18:29:44.121325 [debug] [MainThread]: Sending event: {'category': 'dbt', 'action': 'invocation', 'label': 'start', 'context': [<snowplow_tracker.self_describing_json.SelfDescribingJson object at 0x000001A3A297D550>, <snowplow_tracker.self_describing_json.SelfDescribingJson object at 0x000001A3A50F7ED0>, <snowplow_tracker.self_describing_json.SelfDescribingJson object at 0x000001A3A50F7750>]}


============================== 18:29:44.125575 | 9c4be622-572c-42a0-b383-38114fb85b6f ==============================
[0m18:29:44.125575 [info ] [MainThread]: Running with dbt=1.12.0
[0m18:29:44.126130 [debug] [MainThread]: running dbt with arguments {'maximum_seed_size_mib': '1', 'no_print': 'None', 'static_parser': 'True', 'warn_error_options': 'WarnErrorOptionsV2(error=[], warn=[], silence=[])', 'version_check': 'True', 'target_path': 'None', 'printer_width': '80', 'write_json': 'True', 'empty': 'None', 'log_cache_events': 'False', 'introspect': 'True', 'cache_selected_only': 'False', 'fail_fast': 'False', 'debug': 'False', 'log_format': 'default', 'partial_parse': 'True', 'send_anonymous_usage_stats': 'True', 'quiet': 'False', 'warn_error': 'None', 'profiles_dir': 'C:\\Users\\d.bz.kumar\\CO-Demo\\CO\\caldemo_dw', 'indirect_selection': 'eager', 'hints_enabled': 'True', 'invocation_command': 'dbt debug', 'use_experimental_parser': 'False', 'use_colors': 'True', 'log_path': 'C:\\Users\\d.bz.kumar\\CO-Demo\\CO\\caldemo_dw\\logs'}
[0m18:29:44.158420 [info ] [MainThread]: dbt version: 1.12.0
[0m18:29:44.158952 [info ] [MainThread]: python version: 3.13.12
[0m18:29:44.159353 [info ] [MainThread]: python path: C:\Users\d.bz.kumar\AppData\Local\Programs\Python\Python313\python.exe
[0m18:29:44.159690 [info ] [MainThread]: os info: Windows-11-10.0.26200-SP0
[0m18:29:44.849944 [debug] [MainThread]: Snowflake adapter: Setting snowflake.connector to ERROR (file logging only)
[0m18:29:44.850378 [debug] [MainThread]: Snowflake adapter: Setting botocore to ERROR (file logging only)
[0m18:29:44.850621 [debug] [MainThread]: Snowflake adapter: Setting boto3 to ERROR (file logging only)
[0m18:29:45.100894 [debug] [MainThread]: Snowflake adapter: Replaced underscores (_) with hyphens (-) in Snowflake account name to form a valid account URL.
[0m18:29:45.104373 [info ] [MainThread]: Using profiles dir at C:\Users\d.bz.kumar\CO-Demo\CO\caldemo_dw
[0m18:29:45.105017 [info ] [MainThread]: Using profiles.yml file at C:\Users\d.bz.kumar\CO-Demo\CO\caldemo_dw\profiles.yml
[0m18:29:45.105425 [info ] [MainThread]: Using dbt_project.yml file at C:\Users\d.bz.kumar\CO-Demo\CO\caldemo_dw\dbt_project.yml
[0m18:29:45.106993 [info ] [MainThread]: adapter type: snowflake
[0m18:29:45.107359 [info ] [MainThread]: adapter version: 1.12.0
[0m18:29:45.189213 [info ] [MainThread]: Configuration:
[0m18:29:45.189828 [info ] [MainThread]:   profiles.yml file [[32mOK found and valid[0m]
[0m18:29:45.190250 [info ] [MainThread]:   dbt_project.yml file [[32mOK found and valid[0m]
[0m18:29:45.190650 [info ] [MainThread]: Required dependencies:
[0m18:29:45.191040 [debug] [MainThread]: Executing "git --help"
[0m18:29:45.412835 [debug] [MainThread]: STDOUT: "b"usage: git [-v | --version] [-h | --help] [-C <path>] [-c <name>=<value>]\n           [--exec-path[=<path>]] [--html-path] [--man-path] [--info-path]\n           [-p | --paginate | -P | --no-pager] [--no-replace-objects] [--no-lazy-fetch]\n           [--no-optional-locks] [--no-advice] [--bare] [--git-dir=<path>]\n           [--work-tree=<path>] [--namespace=<name>] [--config-env=<name>=<envvar>]\n           <command> [<args>]\n\nThese are common Git commands used in various situations:\n\nstart a working area (see also: git help tutorial)\n   clone      Clone a repository into a new directory\n   init       Create an empty Git repository or reinitialize an existing one\n\nwork on the current change (see also: git help everyday)\n   add        Add file contents to the index\n   mv         Move or rename a file, a directory, or a symlink\n   restore    Restore working tree files\n   rm         Remove files from the working tree and from the index\n\nexamine the history and state (see also: git help revisions)\n   bisect     Use binary search to find the commit that introduced a bug\n   diff       Show changes between commits, commit and working tree, etc\n   grep       Print lines matching a pattern\n   log        Show commit logs\n   show       Show various types of objects\n   status     Show the working tree status\n\ngrow, mark and tweak your common history\n   backfill   Download missing objects in a partial clone\n   branch     List, create, or delete branches\n   commit     Record changes to the repository\n   merge      Join two or more development histories together\n   rebase     Reapply commits on top of another base tip\n   reset      Set `HEAD` or the index to a known state\n   switch     Switch branches\n   tag        Create, list, delete or verify tags\n\ncollaborate (see also: git help workflows)\n   fetch      Download objects and refs from another repository\n   pull       Fetch from and integrate with another repository or a local branch\n   push       Update remote refs along with associated objects\n\n'git help -a' and 'git help -g' list available subcommands and some\nconcept guides. See 'git help <command>' or 'git help <concept>'\nto read about a specific subcommand or concept.\nSee 'git help git' for an overview of the system.\n""
[0m18:29:45.413371 [debug] [MainThread]: STDERR: "b''"
[0m18:29:45.413704 [info ] [MainThread]:  - git [[32mOK found[0m]

[0m18:29:45.414215 [info ] [MainThread]: Connection:
[0m18:29:45.414730 [info ] [MainThread]:   account: sfsenorthamerica-tim-jones-demo
[0m18:29:45.415224 [info ] [MainThread]:   user: ADMIN
[0m18:29:45.415714 [info ] [MainThread]:   database: FACETS_DEV
[0m18:29:45.416149 [info ] [MainThread]:   warehouse: WH_XS
[0m18:29:45.416572 [info ] [MainThread]:   role: ACCOUNTADMIN
[0m18:29:45.416964 [info ] [MainThread]:   schema: SILVER
[0m18:29:45.417315 [info ] [MainThread]:   authenticator: None
[0m18:29:45.417843 [info ] [MainThread]:   oauth_client_id: None
[0m18:29:45.418297 [info ] [MainThread]:   query_tag: None
[0m18:29:45.418726 [info ] [MainThread]:   client_session_keep_alive: False
[0m18:29:45.419295 [info ] [MainThread]:   host: None
[0m18:29:45.419879 [info ] [MainThread]:   port: None
[0m18:29:45.420317 [info ] [MainThread]:   proxy_host: None
[0m18:29:45.420659 [info ] [MainThread]:   proxy_port: None
[0m18:29:45.421055 [info ] [MainThread]:   protocol: None
[0m18:29:45.421436 [info ] [MainThread]:   connect_retries: 1
[0m18:29:45.421835 [info ] [MainThread]:   connect_timeout: None
[0m18:29:45.422177 [info ] [MainThread]:   retry_on_database_errors: False
[0m18:29:45.422488 [info ] [MainThread]:   retry_all: False
[0m18:29:45.422794 [info ] [MainThread]:   insecure_mode: False
[0m18:29:45.423098 [info ] [MainThread]:   reuse_connections: True
[0m18:29:45.423398 [info ] [MainThread]:   s3_stage_vpce_dns_name: None
[0m18:29:45.423734 [info ] [MainThread]:   workload_identity_provider: None
[0m18:29:45.424359 [info ] [MainThread]:   workload_identity_entra_resource: None
[0m18:29:45.424842 [info ] [MainThread]:   platform_detection_timeout_seconds: 0.0
[0m18:29:45.425498 [info ] [MainThread]: Registered adapter: snowflake=1.12.0
[0m18:29:45.834769 [debug] [MainThread]: Acquiring new snowflake connection 'debug'
[0m18:29:45.837267 [debug] [MainThread]: Using snowflake connection "debug"
[0m18:29:45.837581 [debug] [MainThread]: On debug: select 1 as id
[0m18:29:45.837812 [debug] [MainThread]: Opening a new connection, currently in state init
[0m18:29:46.469291 [debug] [MainThread]: Snowflake adapter: Error running SQL: select 1 as id
[0m18:29:46.469646 [debug] [MainThread]: Snowflake adapter: Rolling back transaction.
[0m18:29:46.469914 [info ] [MainThread]:   Connection test: [[31mERROR[0m]

[0m18:29:46.472687 [info ] [MainThread]: [31m1 check failed:[0m
[0m18:29:46.481383 [info ] [MainThread]: dbt was unable to connect to the specified database.
The database returned the following error:

  >Database Error
  390422 (08001): Failed to connect to DB: sfsenorthamerica-tim-jones-demo.snowflakecomputing.com:443. Incoming request with IP/Token 172.59.112.116 is not allowed to access Snowflake. Contact your account administrator. For more information about this error, go to https://community.snowflake.com/s/ip-xxxxxxxxxxxx-is-not-allowed-to-access. [d2600759-a240-48bb-b386-b1bff855f15d]

Check your database credentials and try again. For more information, visit:
https://docs.getdbt.com/docs/configure-your-profile


[0m18:29:46.482468 [debug] [MainThread]: Command `dbt debug` failed at 18:29:46.482365 after 2.63 seconds
[0m18:29:46.482803 [debug] [MainThread]: Connection 'debug' was left open.
[0m18:29:46.483039 [debug] [MainThread]: On debug: No close available on handle
[0m18:29:46.483270 [debug] [MainThread]: Sending event: {'category': 'dbt', 'action': 'invocation', 'label': 'end', 'context': [<snowplow_tracker.self_describing_json.SelfDescribingJson object at 0x000001A3A6A10510>, <snowplow_tracker.self_describing_json.SelfDescribingJson object at 0x000001A3A69BA330>, <snowplow_tracker.self_describing_json.SelfDescribingJson object at 0x000001A3A675C6B0>]}
[0m18:29:46.483542 [debug] [MainThread]: Flushing usage events
[0m18:29:47.367167 [debug] [MainThread]: An error was encountered while trying to flush usage events
[0m18:33:45.859673 [debug] [MainThread]: Sending event: {'category': 'dbt', 'action': 'invocation', 'label': 'start', 'context': [<snowplow_tracker.self_describing_json.SelfDescribingJson object at 0x000001DF1F82D550>, <snowplow_tracker.self_describing_json.SelfDescribingJson object at 0x000001DF21F9BED0>, <snowplow_tracker.self_describing_json.SelfDescribingJson object at 0x000001DF21F9B750>]}


============================== 18:33:45.864494 | 8e4e8efc-d038-4569-ad5e-b270696f2d35 ==============================
[0m18:33:45.864494 [info ] [MainThread]: Running with dbt=1.12.0
[0m18:33:45.865156 [debug] [MainThread]: running dbt with arguments {'static_parser': 'True', 'no_print': 'None', 'maximum_seed_size_mib': '1', 'warn_error_options': 'WarnErrorOptionsV2(error=[], warn=[], silence=[])', 'target_path': 'None', 'version_check': 'True', 'printer_width': '80', 'write_json': 'True', 'empty': 'None', 'log_cache_events': 'False', 'introspect': 'True', 'cache_selected_only': 'False', 'fail_fast': 'False', 'debug': 'False', 'log_format': 'default', 'profiles_dir': 'C:\\Users\\d.bz.kumar\\CO-Demo\\CO\\caldemo_dw', 'send_anonymous_usage_stats': 'True', 'quiet': 'False', 'warn_error': 'None', 'partial_parse': 'True', 'invocation_command': 'dbt debug', 'hints_enabled': 'True', 'indirect_selection': 'eager', 'use_experimental_parser': 'False', 'use_colors': 'True', 'log_path': 'C:\\Users\\d.bz.kumar\\CO-Demo\\CO\\caldemo_dw\\logs'}
[0m18:33:45.897367 [info ] [MainThread]: dbt version: 1.12.0
[0m18:33:45.897977 [info ] [MainThread]: python version: 3.13.12
[0m18:33:45.898356 [info ] [MainThread]: python path: C:\Users\d.bz.kumar\AppData\Local\Programs\Python\Python313\python.exe
[0m18:33:45.898776 [info ] [MainThread]: os info: Windows-11-10.0.26200-SP0
[0m18:33:47.020541 [debug] [MainThread]: Snowflake adapter: Setting snowflake.connector to ERROR (file logging only)
[0m18:33:47.021050 [debug] [MainThread]: Snowflake adapter: Setting botocore to ERROR (file logging only)
[0m18:33:47.021318 [debug] [MainThread]: Snowflake adapter: Setting boto3 to ERROR (file logging only)
[0m18:33:47.267980 [debug] [MainThread]: Snowflake adapter: Replaced underscores (_) with hyphens (-) in Snowflake account name to form a valid account URL.
[0m18:33:47.271732 [info ] [MainThread]: Using profiles dir at C:\Users\d.bz.kumar\CO-Demo\CO\caldemo_dw
[0m18:33:47.273867 [info ] [MainThread]: Using profiles.yml file at C:\Users\d.bz.kumar\CO-Demo\CO\caldemo_dw\profiles.yml
[0m18:33:47.274458 [info ] [MainThread]: Using dbt_project.yml file at C:\Users\d.bz.kumar\CO-Demo\CO\caldemo_dw\dbt_project.yml
[0m18:33:47.276517 [info ] [MainThread]: adapter type: snowflake
[0m18:33:47.277063 [info ] [MainThread]: adapter version: 1.12.0
[0m18:33:47.361200 [info ] [MainThread]: Configuration:
[0m18:33:47.361924 [info ] [MainThread]:   profiles.yml file [[32mOK found and valid[0m]
[0m18:33:47.363119 [info ] [MainThread]:   dbt_project.yml file [[32mOK found and valid[0m]
[0m18:33:47.363727 [info ] [MainThread]: Required dependencies:
[0m18:33:47.364306 [debug] [MainThread]: Executing "git --help"
[0m18:33:47.573954 [debug] [MainThread]: STDOUT: "b"usage: git [-v | --version] [-h | --help] [-C <path>] [-c <name>=<value>]\n           [--exec-path[=<path>]] [--html-path] [--man-path] [--info-path]\n           [-p | --paginate | -P | --no-pager] [--no-replace-objects] [--no-lazy-fetch]\n           [--no-optional-locks] [--no-advice] [--bare] [--git-dir=<path>]\n           [--work-tree=<path>] [--namespace=<name>] [--config-env=<name>=<envvar>]\n           <command> [<args>]\n\nThese are common Git commands used in various situations:\n\nstart a working area (see also: git help tutorial)\n   clone      Clone a repository into a new directory\n   init       Create an empty Git repository or reinitialize an existing one\n\nwork on the current change (see also: git help everyday)\n   add        Add file contents to the index\n   mv         Move or rename a file, a directory, or a symlink\n   restore    Restore working tree files\n   rm         Remove files from the working tree and from the index\n\nexamine the history and state (see also: git help revisions)\n   bisect     Use binary search to find the commit that introduced a bug\n   diff       Show changes between commits, commit and working tree, etc\n   grep       Print lines matching a pattern\n   log        Show commit logs\n   show       Show various types of objects\n   status     Show the working tree status\n\ngrow, mark and tweak your common history\n   backfill   Download missing objects in a partial clone\n   branch     List, create, or delete branches\n   commit     Record changes to the repository\n   merge      Join two or more development histories together\n   rebase     Reapply commits on top of another base tip\n   reset      Set `HEAD` or the index to a known state\n   switch     Switch branches\n   tag        Create, list, delete or verify tags\n\ncollaborate (see also: git help workflows)\n   fetch      Download objects and refs from another repository\n   pull       Fetch from and integrate with another repository or a local branch\n   push       Update remote refs along with associated objects\n\n'git help -a' and 'git help -g' list available subcommands and some\nconcept guides. See 'git help <command>' or 'git help <concept>'\nto read about a specific subcommand or concept.\nSee 'git help git' for an overview of the system.\n""
[0m18:33:47.574464 [debug] [MainThread]: STDERR: "b''"
[0m18:33:47.574763 [info ] [MainThread]:  - git [[32mOK found[0m]

[0m18:33:47.575209 [info ] [MainThread]: Connection:
[0m18:33:47.575639 [info ] [MainThread]:   account: sfsenorthamerica-tim-jones-demo
[0m18:33:47.575993 [info ] [MainThread]:   user: ADMIN
[0m18:33:47.576337 [info ] [MainThread]:   database: FACETS_DEV
[0m18:33:47.576680 [info ] [MainThread]:   warehouse: WH_XS
[0m18:33:47.577013 [info ] [MainThread]:   role: ACCOUNTADMIN
[0m18:33:47.577332 [info ] [MainThread]:   schema: SILVER
[0m18:33:47.577655 [info ] [MainThread]:   authenticator: None
[0m18:33:47.577972 [info ] [MainThread]:   oauth_client_id: None
[0m18:33:47.578290 [info ] [MainThread]:   query_tag: None
[0m18:33:47.578598 [info ] [MainThread]:   client_session_keep_alive: False
[0m18:33:47.578906 [info ] [MainThread]:   host: None
[0m18:33:47.579219 [info ] [MainThread]:   port: None
[0m18:33:47.579552 [info ] [MainThread]:   proxy_host: None
[0m18:33:47.579942 [info ] [MainThread]:   proxy_port: None
[0m18:33:47.580519 [info ] [MainThread]:   protocol: None
[0m18:33:47.580920 [info ] [MainThread]:   connect_retries: 1
[0m18:33:47.581299 [info ] [MainThread]:   connect_timeout: None
[0m18:33:47.581649 [info ] [MainThread]:   retry_on_database_errors: False
[0m18:33:47.582042 [info ] [MainThread]:   retry_all: False
[0m18:33:47.582386 [info ] [MainThread]:   insecure_mode: False
[0m18:33:47.582737 [info ] [MainThread]:   reuse_connections: True
[0m18:33:47.583064 [info ] [MainThread]:   s3_stage_vpce_dns_name: None
[0m18:33:47.583359 [info ] [MainThread]:   workload_identity_provider: None
[0m18:33:47.583655 [info ] [MainThread]:   workload_identity_entra_resource: None
[0m18:33:47.584050 [info ] [MainThread]:   platform_detection_timeout_seconds: 0.0
[0m18:33:47.584723 [info ] [MainThread]: Registered adapter: snowflake=1.12.0
[0m18:33:48.236294 [debug] [MainThread]: Acquiring new snowflake connection 'debug'
[0m18:33:48.242217 [debug] [MainThread]: Using snowflake connection "debug"
[0m18:33:48.242754 [debug] [MainThread]: On debug: select 1 as id
[0m18:33:48.243074 [debug] [MainThread]: Opening a new connection, currently in state init
[0m18:33:48.861879 [debug] [MainThread]: Snowflake adapter: Error running SQL: select 1 as id
[0m18:33:48.863061 [debug] [MainThread]: Snowflake adapter: Rolling back transaction.
[0m18:33:48.863555 [info ] [MainThread]:   Connection test: [[31mERROR[0m]

[0m18:33:48.864001 [info ] [MainThread]: [31m1 check failed:[0m
[0m18:33:48.864495 [info ] [MainThread]: dbt was unable to connect to the specified database.
The database returned the following error:

  >Database Error
  390422 (08001): Failed to connect to DB: sfsenorthamerica-tim-jones-demo.snowflakecomputing.com:443. Incoming request with IP/Token 172.59.112.116 is not allowed to access Snowflake. Contact your account administrator. For more information about this error, go to https://community.snowflake.com/s/ip-xxxxxxxxxxxx-is-not-allowed-to-access. [2b67a40c-caaa-4c41-a1ac-a14c39d1d451]

Check your database credentials and try again. For more information, visit:
https://docs.getdbt.com/docs/configure-your-profile


[0m18:33:48.865357 [debug] [MainThread]: Command `dbt debug` failed at 18:33:48.865250 after 3.30 seconds
[0m18:33:48.865839 [debug] [MainThread]: Connection 'debug' was left open.
[0m18:33:48.866160 [debug] [MainThread]: On debug: No close available on handle
[0m18:33:48.866657 [debug] [MainThread]: Sending event: {'category': 'dbt', 'action': 'invocation', 'label': 'end', 'context': [<snowplow_tracker.self_describing_json.SelfDescribingJson object at 0x000001DF238F0510>, <snowplow_tracker.self_describing_json.SelfDescribingJson object at 0x000001DF2389A330>, <snowplow_tracker.self_describing_json.SelfDescribingJson object at 0x000001DF236486B0>]}
[0m18:33:48.867060 [debug] [MainThread]: Flushing usage events
[0m18:33:49.880705 [debug] [MainThread]: An error was encountered while trying to flush usage events
[0m18:40:08.380709 [debug] [MainThread]: Sending event: {'category': 'dbt', 'action': 'invocation', 'label': 'start', 'context': [<snowplow_tracker.self_describing_json.SelfDescribingJson object at 0x0000025EE87CD550>, <snowplow_tracker.self_describing_json.SelfDescribingJson object at 0x0000025EEAF47ED0>, <snowplow_tracker.self_describing_json.SelfDescribingJson object at 0x0000025EEAF47750>]}


============================== 18:40:08.386692 | e3612ff5-1585-48da-89c6-430aa1ef7327 ==============================
[0m18:40:08.386692 [info ] [MainThread]: Running with dbt=1.12.0
[0m18:40:08.387431 [debug] [MainThread]: running dbt with arguments {'static_parser': 'True', 'no_print': 'None', 'maximum_seed_size_mib': '1', 'target_path': 'None', 'warn_error_options': 'WarnErrorOptionsV2(error=[], warn=[], silence=[])', 'version_check': 'True', 'printer_width': '80', 'write_json': 'True', 'introspect': 'True', 'log_cache_events': 'False', 'empty': 'None', 'cache_selected_only': 'False', 'log_format': 'default', 'debug': 'False', 'fail_fast': 'False', 'partial_parse': 'True', 'send_anonymous_usage_stats': 'True', 'quiet': 'False', 'warn_error': 'None', 'profiles_dir': '.', 'use_colors': 'True', 'hints_enabled': 'True', 'invocation_command': 'dbt debug --profiles-dir .', 'use_experimental_parser': 'False', 'indirect_selection': 'eager', 'log_path': 'C:\\Users\\d.bz.kumar\\CO-Demo\\CO\\caldemo_dw\\logs'}
[0m18:40:08.417739 [info ] [MainThread]: dbt version: 1.12.0
[0m18:40:08.418695 [info ] [MainThread]: python version: 3.13.12
[0m18:40:08.419562 [info ] [MainThread]: python path: C:\Users\d.bz.kumar\AppData\Local\Programs\Python\Python313\python.exe
[0m18:40:08.420137 [info ] [MainThread]: os info: Windows-11-10.0.26200-SP0
[0m18:40:09.074168 [debug] [MainThread]: Snowflake adapter: Setting snowflake.connector to ERROR (file logging only)
[0m18:40:09.074574 [debug] [MainThread]: Snowflake adapter: Setting botocore to ERROR (file logging only)
[0m18:40:09.074847 [debug] [MainThread]: Snowflake adapter: Setting boto3 to ERROR (file logging only)
[0m18:40:09.280152 [info ] [MainThread]: Using profiles dir at .
[0m18:40:09.282348 [info ] [MainThread]: Using profiles.yml file at .\profiles.yml
[0m18:40:09.283527 [info ] [MainThread]: Using dbt_project.yml file at C:\Users\d.bz.kumar\CO-Demo\CO\caldemo_dw\dbt_project.yml
[0m18:40:09.285784 [info ] [MainThread]: adapter type: snowflake
[0m18:40:09.286278 [info ] [MainThread]: adapter version: 1.12.0
[0m18:40:09.360976 [info ] [MainThread]: Configuration:
[0m18:40:09.361770 [info ] [MainThread]:   profiles.yml file [[32mOK found and valid[0m]
[0m18:40:09.362289 [info ] [MainThread]:   dbt_project.yml file [[32mOK found and valid[0m]
[0m18:40:09.362770 [info ] [MainThread]: Required dependencies:
[0m18:40:09.363246 [debug] [MainThread]: Executing "git --help"
[0m18:40:09.576011 [debug] [MainThread]: STDOUT: "b"usage: git [-v | --version] [-h | --help] [-C <path>] [-c <name>=<value>]\n           [--exec-path[=<path>]] [--html-path] [--man-path] [--info-path]\n           [-p | --paginate | -P | --no-pager] [--no-replace-objects] [--no-lazy-fetch]\n           [--no-optional-locks] [--no-advice] [--bare] [--git-dir=<path>]\n           [--work-tree=<path>] [--namespace=<name>] [--config-env=<name>=<envvar>]\n           <command> [<args>]\n\nThese are common Git commands used in various situations:\n\nstart a working area (see also: git help tutorial)\n   clone      Clone a repository into a new directory\n   init       Create an empty Git repository or reinitialize an existing one\n\nwork on the current change (see also: git help everyday)\n   add        Add file contents to the index\n   mv         Move or rename a file, a directory, or a symlink\n   restore    Restore working tree files\n   rm         Remove files from the working tree and from the index\n\nexamine the history and state (see also: git help revisions)\n   bisect     Use binary search to find the commit that introduced a bug\n   diff       Show changes between commits, commit and working tree, etc\n   grep       Print lines matching a pattern\n   log        Show commit logs\n   show       Show various types of objects\n   status     Show the working tree status\n\ngrow, mark and tweak your common history\n   backfill   Download missing objects in a partial clone\n   branch     List, create, or delete branches\n   commit     Record changes to the repository\n   merge      Join two or more development histories together\n   rebase     Reapply commits on top of another base tip\n   reset      Set `HEAD` or the index to a known state\n   switch     Switch branches\n   tag        Create, list, delete or verify tags\n\ncollaborate (see also: git help workflows)\n   fetch      Download objects and refs from another repository\n   pull       Fetch from and integrate with another repository or a local branch\n   push       Update remote refs along with associated objects\n\n'git help -a' and 'git help -g' list available subcommands and some\nconcept guides. See 'git help <command>' or 'git help <concept>'\nto read about a specific subcommand or concept.\nSee 'git help git' for an overview of the system.\n""
[0m18:40:09.576447 [debug] [MainThread]: STDERR: "b''"
[0m18:40:09.576739 [info ] [MainThread]:  - git [[32mOK found[0m]

[0m18:40:09.577250 [info ] [MainThread]: Connection:
[0m18:40:09.577714 [info ] [MainThread]:   account: gp73525.east-us.azure
[0m18:40:09.578106 [info ] [MainThread]:   user: DEEPAK_KR
[0m18:40:09.578483 [info ] [MainThread]:   database: FACETS_DEV
[0m18:40:09.578884 [info ] [MainThread]:   warehouse: OPENFLOW_MERGE_WH
[0m18:40:09.579296 [info ] [MainThread]:   role: OPENFLOW_ADMIN
[0m18:40:09.579915 [info ] [MainThread]:   schema: SILVER
[0m18:40:09.580436 [info ] [MainThread]:   authenticator: None
[0m18:40:09.582621 [info ] [MainThread]:   oauth_client_id: None
[0m18:40:09.583396 [info ] [MainThread]:   query_tag: None
[0m18:40:09.583956 [info ] [MainThread]:   client_session_keep_alive: False
[0m18:40:09.584399 [info ] [MainThread]:   host: None
[0m18:40:09.584830 [info ] [MainThread]:   port: None
[0m18:40:09.585177 [info ] [MainThread]:   proxy_host: None
[0m18:40:09.585583 [info ] [MainThread]:   proxy_port: None
[0m18:40:09.586010 [info ] [MainThread]:   protocol: None
[0m18:40:09.586381 [info ] [MainThread]:   connect_retries: 1
[0m18:40:09.586763 [info ] [MainThread]:   connect_timeout: None
[0m18:40:09.587210 [info ] [MainThread]:   retry_on_database_errors: False
[0m18:40:09.587705 [info ] [MainThread]:   retry_all: False
[0m18:40:09.588193 [info ] [MainThread]:   insecure_mode: False
[0m18:40:09.589064 [info ] [MainThread]:   reuse_connections: True
[0m18:40:09.589639 [info ] [MainThread]:   s3_stage_vpce_dns_name: None
[0m18:40:09.590057 [info ] [MainThread]:   workload_identity_provider: None
[0m18:40:09.590439 [info ] [MainThread]:   workload_identity_entra_resource: None
[0m18:40:09.590813 [info ] [MainThread]:   platform_detection_timeout_seconds: 0.0
[0m18:40:09.591447 [info ] [MainThread]: Registered adapter: snowflake=1.12.0
[0m18:40:10.007901 [debug] [MainThread]: Acquiring new snowflake connection 'debug'
[0m18:40:10.010808 [debug] [MainThread]: Using snowflake connection "debug"
[0m18:40:10.011164 [debug] [MainThread]: On debug: select 1 as id
[0m18:40:10.011393 [debug] [MainThread]: Opening a new connection, currently in state init
[0m18:40:10.838875 [debug] [MainThread]: SQL status: SUCCESS 1 in 0.827 seconds
[0m18:40:10.839724 [info ] [MainThread]:   Connection test: [[32mOK connection ok[0m]

[0m18:40:10.840140 [info ] [MainThread]: [32mAll checks passed![0m
[0m18:40:10.841069 [debug] [MainThread]: Command `dbt debug` succeeded at 18:40:10.840968 after 2.69 seconds
[0m18:40:10.841385 [debug] [MainThread]: Connection 'debug' was left open.
[0m18:40:10.841666 [debug] [MainThread]: On debug: Close
[0m18:40:10.975256 [debug] [MainThread]: Sending event: {'category': 'dbt', 'action': 'invocation', 'label': 'end', 'context': [<snowplow_tracker.self_describing_json.SelfDescribingJson object at 0x0000025EEDA4FA80>, <snowplow_tracker.self_describing_json.SelfDescribingJson object at 0x0000025EEC83E330>, <snowplow_tracker.self_describing_json.SelfDescribingJson object at 0x0000025EEC5E86B0>]}
[0m18:40:10.975761 [debug] [MainThread]: Flushing usage events
[0m18:40:11.787280 [debug] [MainThread]: An error was encountered while trying to flush usage events
[0m19:13:35.334565 [debug] [MainThread]: Sending event: {'category': 'dbt', 'action': 'invocation', 'label': 'start', 'context': [<snowplow_tracker.self_describing_json.SelfDescribingJson object at 0x000002103521D550>, <snowplow_tracker.self_describing_json.SelfDescribingJson object at 0x000002103799BED0>, <snowplow_tracker.self_describing_json.SelfDescribingJson object at 0x000002103799B750>]}


============================== 19:13:35.339133 | 4f23c37d-297a-49aa-ab1f-080abdfe122b ==============================
[0m19:13:35.339133 [info ] [MainThread]: Running with dbt=1.12.0
[0m19:13:35.339599 [debug] [MainThread]: running dbt with arguments {'version_check': 'True', 'no_print': 'None', 'maximum_seed_size_mib': '1', 'warn_error_options': 'WarnErrorOptionsV2(error=[], warn=[], silence=[])', 'target_path': 'None', 'static_parser': 'True', 'printer_width': '80', 'write_json': 'True', 'introspect': 'True', 'log_cache_events': 'False', 'empty': 'None', 'cache_selected_only': 'False', 'log_format': 'default', 'debug': 'False', 'fail_fast': 'False', 'profiles_dir': 'C:\\Users\\d.bz.kumar\\CO-Demo\\CO\\caldemo_dw', 'send_anonymous_usage_stats': 'True', 'quiet': 'False', 'warn_error': 'None', 'partial_parse': 'True', 'indirect_selection': 'eager', 'hints_enabled': 'True', 'invocation_command': 'dbt debug', 'use_experimental_parser': 'False', 'use_colors': 'True', 'log_path': 'C:\\Users\\d.bz.kumar\\CO-Demo\\CO\\caldemo_dw\\logs'}
[0m19:13:35.364816 [info ] [MainThread]: dbt version: 1.12.0
[0m19:13:35.365352 [info ] [MainThread]: python version: 3.13.12
[0m19:13:35.365803 [info ] [MainThread]: python path: C:\Users\d.bz.kumar\AppData\Local\Programs\Python\Python313\python.exe
[0m19:13:35.366204 [info ] [MainThread]: os info: Windows-11-10.0.26200-SP0
[0m19:13:35.963351 [debug] [MainThread]: Snowflake adapter: Setting snowflake.connector to ERROR (file logging only)
[0m19:13:35.963853 [debug] [MainThread]: Snowflake adapter: Setting botocore to ERROR (file logging only)
[0m19:13:35.964160 [debug] [MainThread]: Snowflake adapter: Setting boto3 to ERROR (file logging only)
[0m19:13:38.459368 [info ] [MainThread]: Using profiles dir at C:\Users\d.bz.kumar\CO-Demo\CO\caldemo_dw
[0m19:13:38.459967 [info ] [MainThread]: Using profiles.yml file at C:\Users\d.bz.kumar\CO-Demo\CO\caldemo_dw\profiles.yml
[0m19:13:38.460503 [info ] [MainThread]: Using dbt_project.yml file at C:\Users\d.bz.kumar\CO-Demo\CO\caldemo_dw\dbt_project.yml
[0m19:13:38.462563 [info ] [MainThread]: adapter type: snowflake
[0m19:13:38.463331 [info ] [MainThread]: adapter version: 1.12.0
[0m19:13:38.530907 [info ] [MainThread]: Configuration:
[0m19:13:38.531494 [info ] [MainThread]:   profiles.yml file [[32mOK found and valid[0m]
[0m19:13:38.531802 [info ] [MainThread]:   dbt_project.yml file [[32mOK found and valid[0m]
[0m19:13:38.532039 [info ] [MainThread]: Required dependencies:
[0m19:13:38.532283 [debug] [MainThread]: Executing "git --help"
[0m19:13:38.655940 [debug] [MainThread]: STDOUT: "b"usage: git [-v | --version] [-h | --help] [-C <path>] [-c <name>=<value>]\n           [--exec-path[=<path>]] [--html-path] [--man-path] [--info-path]\n           [-p | --paginate | -P | --no-pager] [--no-replace-objects] [--no-lazy-fetch]\n           [--no-optional-locks] [--no-advice] [--bare] [--git-dir=<path>]\n           [--work-tree=<path>] [--namespace=<name>] [--config-env=<name>=<envvar>]\n           <command> [<args>]\n\nThese are common Git commands used in various situations:\n\nstart a working area (see also: git help tutorial)\n   clone      Clone a repository into a new directory\n   init       Create an empty Git repository or reinitialize an existing one\n\nwork on the current change (see also: git help everyday)\n   add        Add file contents to the index\n   mv         Move or rename a file, a directory, or a symlink\n   restore    Restore working tree files\n   rm         Remove files from the working tree and from the index\n\nexamine the history and state (see also: git help revisions)\n   bisect     Use binary search to find the commit that introduced a bug\n   diff       Show changes between commits, commit and working tree, etc\n   grep       Print lines matching a pattern\n   log        Show commit logs\n   show       Show various types of objects\n   status     Show the working tree status\n\ngrow, mark and tweak your common history\n   backfill   Download missing objects in a partial clone\n   branch     List, create, or delete branches\n   commit     Record changes to the repository\n   merge      Join two or more development histories together\n   rebase     Reapply commits on top of another base tip\n   reset      Set `HEAD` or the index to a known state\n   switch     Switch branches\n   tag        Create, list, delete or verify tags\n\ncollaborate (see also: git help workflows)\n   fetch      Download objects and refs from another repository\n   pull       Fetch from and integrate with another repository or a local branch\n   push       Update remote refs along with associated objects\n\n'git help -a' and 'git help -g' list available subcommands and some\nconcept guides. See 'git help <command>' or 'git help <concept>'\nto read about a specific subcommand or concept.\nSee 'git help git' for an overview of the system.\n""
[0m19:13:38.656412 [debug] [MainThread]: STDERR: "b''"
[0m19:13:38.656784 [info ] [MainThread]:  - git [[32mOK found[0m]

[0m19:13:38.657659 [info ] [MainThread]: Connection:
[0m19:13:38.658814 [info ] [MainThread]:   account: gp73525.east-us.azure
[0m19:13:38.659978 [info ] [MainThread]:   user: DEEPAK_KR
[0m19:13:38.660398 [info ] [MainThread]:   database: FACETS_DEV
[0m19:13:38.660737 [info ] [MainThread]:   warehouse: OPENFLOW_MERGE_WH
[0m19:13:38.661052 [info ] [MainThread]:   role: OPENFLOW_ADMIN
[0m19:13:38.661349 [info ] [MainThread]:   schema: SILVER
[0m19:13:38.661664 [info ] [MainThread]:   authenticator: None
[0m19:13:38.661962 [info ] [MainThread]:   oauth_client_id: None
[0m19:13:38.662254 [info ] [MainThread]:   query_tag: None
[0m19:13:38.662542 [info ] [MainThread]:   client_session_keep_alive: False
[0m19:13:38.662826 [info ] [MainThread]:   host: None
[0m19:13:38.663132 [info ] [MainThread]:   port: None
[0m19:13:38.663409 [info ] [MainThread]:   proxy_host: None
[0m19:13:38.663689 [info ] [MainThread]:   proxy_port: None
[0m19:13:38.663957 [info ] [MainThread]:   protocol: None
[0m19:13:38.664219 [info ] [MainThread]:   connect_retries: 1
[0m19:13:38.664482 [info ] [MainThread]:   connect_timeout: None
[0m19:13:38.664745 [info ] [MainThread]:   retry_on_database_errors: False
[0m19:13:38.665242 [info ] [MainThread]:   retry_all: False
[0m19:13:38.665899 [info ] [MainThread]:   insecure_mode: False
[0m19:13:38.666175 [info ] [MainThread]:   reuse_connections: True
[0m19:13:38.666443 [info ] [MainThread]:   s3_stage_vpce_dns_name: None
[0m19:13:38.666704 [info ] [MainThread]:   workload_identity_provider: None
[0m19:13:38.667724 [info ] [MainThread]:   workload_identity_entra_resource: None
[0m19:13:38.668521 [info ] [MainThread]:   platform_detection_timeout_seconds: 0.0
[0m19:13:38.669324 [info ] [MainThread]: Registered adapter: snowflake=1.12.0
[0m19:13:39.405325 [debug] [MainThread]: Acquiring new snowflake connection 'debug'
[0m19:13:39.408355 [debug] [MainThread]: Using snowflake connection "debug"
[0m19:13:39.408692 [debug] [MainThread]: On debug: select 1 as id
[0m19:13:39.408905 [debug] [MainThread]: Opening a new connection, currently in state init
[0m19:13:40.711475 [debug] [MainThread]: SQL status: SUCCESS 1 in 1.302 seconds
[0m19:13:40.712610 [info ] [MainThread]:   Connection test: [[32mOK connection ok[0m]

[0m19:13:40.713277 [info ] [MainThread]: [32mAll checks passed![0m
[0m19:13:40.714467 [debug] [MainThread]: Command `dbt debug` succeeded at 19:13:40.714334 after 5.57 seconds
[0m19:13:40.714844 [debug] [MainThread]: Connection 'debug' was left open.
[0m19:13:40.715152 [debug] [MainThread]: On debug: Close
[0m19:13:40.835789 [debug] [MainThread]: Sending event: {'category': 'dbt', 'action': 'invocation', 'label': 'end', 'context': [<snowplow_tracker.self_describing_json.SelfDescribingJson object at 0x00000210392C08A0>, <snowplow_tracker.self_describing_json.SelfDescribingJson object at 0x00000210392628D0>, <snowplow_tracker.self_describing_json.SelfDescribingJson object at 0x00000210390005A0>]}
[0m19:13:40.836331 [debug] [MainThread]: Flushing usage events
[0m19:13:43.271020 [debug] [MainThread]: An error was encountered while trying to flush usage events
